,1,2,3,4,5,6,7,8,9,10,11,12,13,14,15,16,17,18,19,20,21,22,23,24,25,26,27,28,29,30,31,32,33,34,35,36,37,38,39,40,41,42,43,44,45,46,47,48,49,50,51,52,53,54,55,56,57,58,59,60,61,62,63,64,65,66,67,68,69,70,71,72,73,74,75,76,77,78,79,80,81,82,83,84,85,86,87,88,89,90,91,92,93,94,95,96,97,98,99,100,101,102,103,104,105,106,107,108,109,110,111,112,113,114,115,116,117,118,119,120,121,122,123,124,125,126,127,128,129,130,131,132,133,134,135,136,137,138,139,140,141,142,143,144,145,146,147,148,149,150,151,152,153,154,155,156,157,158,159,160,161,162,163,164,165,166,167,168,169,170,171,172,173,174,175,176,177,178,179,180,181,182,183,184,185,186,187,188,189,190,191,192,193,194,195,196,197,198,199,200,201,202,203,204,205,206,207,208,209,210,211,212,213,214,215,216,217,218,219,220,221,222,223,224,225,226,227,228,229,230,231,232,233,234,235,236,237,238,239,240,241,242,243,244,245,246,247,248,249,250,251,252,253,254,255,256,257,258,259,260,261,262,263,264,265,266,267,268,269,270,271,272,273,274,275,276,277,278,279,280,281,282,283,284,285,286,287,288,289,290,291,292,293,294,295,296,297,298,299,300,301,302,303,304,305,306,307,308,309,310,311,312,313,314,315,316,317,318,319,320,321,322,323,324,325,326,327,328
HK/1/68,Q,D,L,P,G,N,D,N,S,T,A,T,L,C,L,G,H,H,A,V,P,N,G,T,L,V,K,T,I,T,V,D,Q,I,E,V,T,N,A,T,E,L,V,Q,S,S,S,T,G,R,I,C,N,S,P,H,R,I,L,D,G,K,D,C,T,L,I,D,A,L,L,G,D,P,H,C,D,V,F,K,N,E,T,W,D,L,F,V,E,R,S,K,A,F,S,N,C,Y,P,Y,D,V,P,D,Y,A,S,L,R,S,L,V,A,S,S,G,T,L,E,F,I,T,E,G,F,T,W,T,G,V,T,Q,D,G,G,S,N,A,F,K,R,G,P,G,K,R,F,F,S,R,L,N,W,L,T,K,S,G,S,T,Y,P,V,L,N,V,T,M,P,N,N,D,N,F,D,K,L,Y,I,W,G,V,H,H,P,S,T,N,Q,E,Q,T,S,L,Y,V,Q,A,P,G,R,V,T,V,S,T,R,R,S,Q,Q,T,I,I,P,N,I,G,S,R,P,W,V,R,G,L,S,S,R,I,S,I,Y,W,T,I,V,K,P,G,D,V,L,V,I,N,S,N,G,N,L,I,A,P,R,G,Y,F,K,M,R,T,G,K,S,S,I,M,R,S,D,A,P,I,D,T,C,I,S,E,C,I,T,P,N,G,S,I,P,N,D,K,P,F,Q,N,V,N,K,I,T,Y,G,A,C,P,K,Y,V,K,Q,N,T,L,K,L,A,T,G,M,R,N,V,P,E,K,Q,T
HK/107/71,Q,D,L,P,G,N,D,N,S,K,A,T,L,C,L,G,H,H,A,V,P,N,G,T,L,V,K,T,I,T,D,D,Q,T,E,V,T,N,A,T,E,L,V,Q,S,S,S,T,G,K,I,C,N,N,P,H,R,I,L,D,G,I,D,C,T,L,I,D,A,L,L,G,D,P,H,C,D,V,F,Q,N,E,T,W,D,L,F,V,E,R,S,K,A,F,S,N,C,Y,P,Y,D,V,P,D,Y,A,S,L,R,S,L,V,A,S,S,G,T,L,E,F,I,T,E,G,F,T,W,T,E,V,T,E,N,G,G,S,N,A,C,K,R,G,P,D,S,G,F,F,S,R,L,N,W,L,T,K,S,G,R,T,Y,P,V,L,N,V,T,M,P,N,N,D,N,F,D,K,L,Y,I,W,G,V,H,H,P,S,T,D,Q,E,Q,T,S,L,Y,V,Q,T,S,G,R,V,T,V,S,T,R,R,S,Q,Q,T,I,I,P,N,I,G,S,R,P,W,V,R,G,L,S,S,R,I,S,I,Y,W,T,I,V,K,P,G,D,V,L,V,I,N,S,N,G,N,L,I,A,P,R,G,Y,F,K,M,R,T,G,K,S,S,I,M,R,S,D,A,P,I,D,T,C,I,S,E,C,I,T,P,N,G,S,I,P,N,D,K,P,F,Q,N,V,N,K,I,T,Y,G,A,C,P,K,Y,V,K,Q,N,T,L,K,L,A,T,G,M,R,N,V,P,E,K,Q,T
BI/21793/72,Q,D,F,P,G,N,D,N,S,T,A,T,L,C,L,G,H,H,A,V,P,N,G,T,L,V,K,T,I,T,N,D,Q,I,E,V,T,N,A,T,E,L,V,Q,S,S,S,T,G,K,I,C,N,N,P,H,R,I,L,D,G,I,D,C,T,L,I,D,A,L,L,G,D,P,H,C,D,G,F,Q,N,E,T,W,D,L,F,V,E,R,S,K,A,F,S,N,C,Y,P,Y,D,V,P,D,Y,A,S,L,R,S,L,V,A,S,S,G,T,L,E,F,I,N,E,G,F,T,W,T,G,V,T,Q,N,G,G,S,N,A,C,K,R,G,P,D,S,G,F,F,S,R,L,N,W,L,Y,K,S,G,S,T,Y,P,V,L,N,V,T,M,P,N,N,D,N,F,D,K,L,Y,I,W,G,V,H,H,P,S,T,D,Q,E,Q,T,S,L,Y,V,Q,A,S,G,R,V,T,V,S,T,K,R,S,Q,Q,T,I,I,P,N,I,G,S,R,P,W,V,R,G,L,S,S,R,I,S,I,Y,W,T,I,V,K,P,G,D,I,L,V,I,N,S,N,G,N,L,I,A,P,R,G,Y,F,K,M,R,T,G,K,S,S,I,M,R,S,D,A,P,I,G,T,C,I,S,E,C,I,T,P,N,G,S,I,P,N,D,K,P,F,Q,N,V,N,K,I,T,Y,G,A,C,P,K,Y,V,K,Q,N,T,L,K,L,A,T,G,M,R,N,V,P,E,K,Q,T
EN/42/72,Q,D,L,P,G,N,D,N,S,T,A,T,L,C,L,G,H,H,A,V,P,N,G,T,L,V,K,T,I,T,N,D,Q,I,E,V,T,N,A,T,E,L,V,Q,S,S,S,T,G,K,I,C,N,N,P,H,R,I,L,D,G,I,D,C,T,L,I,D,A,L,L,G,D,P,H,C,D,G,F,Q,N,E,T,W,D,L,F,V,E,R,S,K,A,F,S,N,C,Y,P,Y,D,V,P,D,Y,A,S,L,R,S,L,V,A,S,S,G,T,L,E,F,I,N,E,G,F,T,W,T,G,V,T,Q,N,G,G,S,N,A,C,K,R,G,P,D,S,G,F,F,S,R,L,N,W,L,Y,K,S,G,S,T,Y,P,V,L,N,V,T,M,P,N,N,D,N,F,D,K,L,Y,I,W,G,V,H,H,P,S,T,N,Q,E,Q,T,S,L,Y,V,Q,A,S,G,R,V,T,V,S,T,K,G,S,Q,Q,T,I,I,P,N,I,G,S,R,P,W,V,R,G,L,S,S,R,I,S,I,Y,W,T,I,V,K,P,G,D,I,L,V,I,N,S,N,G,N,L,I,A,P,R,G,Y,F,K,M,R,T,G,K,S,S,I,M,R,S,D,A,P,I,G,T,C,I,S,E,C,I,T,P,N,G,S,I,P,N,D,K,P,F,Q,N,V,N,K,I,T,Y,G,A,C,P,K,Y,V,K,Q,N,T,L,K,L,A,T,G,M,R,N,V,P,E,K,Q,T
PC/1/73,Q,D,F,P,G,N,D,N,S,T,A,T,L,C,L,G,H,H,A,V,P,N,G,T,L,V,K,T,I,T,N,D,Q,I,E,V,T,N,A,T,E,L,V,Q,S,S,S,T,G,K,I,C,N,N,P,H,R,I,L,D,G,I,N,C,T,L,I,D,A,L,L,G,D,P,H,C,D,G,F,Q,N,E,T,W,D,L,F,V,E,R,S,K,A,F,S,N,C,Y,P,Y,D,V,P,D,Y,A,S,L,R,S,L,V,A,S,S,G,T,L,E,F,I,N,E,G,F,T,W,T,G,V,T,Q,N,G,G,S,N,A,C,K,R,G,P,D,S,G,F,F,S,R,L,N,W,L,Y,K,S,G,S,A,Y,P,V,L,N,V,T,M,P,N,N,D,N,F,D,K,L,Y,I,W,G,V,H,H,P,S,T,D,Q,E,Q,T,N,L,Y,V,Q,A,S,G,R,V,T,V,S,T,K,R,S,Q,Q,T,I,I,P,N,I,G,S,R,P,W,V,R,G,L,S,S,R,I,S,I,Y,W,T,I,V,K,P,G,D,I,L,V,I,N,S,N,G,N,L,I,A,P,R,G,Y,F,K,M,R,T,G,K,S,S,I,M,R,S,D,A,P,I,G,T,C,I,S,E,C,I,T,P,N,G,S,I,P,N,D,K,P,F,Q,N,V,N,K,I,T,Y,G,A,C,P,K,Y,V,K,Q,N,T,L,K,L,A,T,G,M,R,N,V,P,E,K,Q,T
BI/5930/74,Q,D,L,P,G,N,D,N,S,T,A,T,L,C,L,G,H,H,A,V,P,N,G,T,L,V,K,T,I,T,N,D,Q,I,E,V,T,N,A,T,E,L,V,Q,S,S,S,T,G,K,I,C,N,N,P,H,R,I,L,D,G,I,N,C,T,L,I,D,A,L,L,G,D,P,H,C,D,G,F,Q,N,E,K,W,D,L,F,V,E,R,S,K,A,F,S,N,C,Y,P,Y,D,V,P,D,Y,A,S,L,R,S,L,V,A,S,S,G,T,L,E,F,I,N,E,G,F,N,W,T,G,V,T,Q,N,G,G,S,N,A,C,K,R,G,P,D,S,G,F,F,S,R,L,N,W,L,Y,K,S,G,S,T,Y,P,V,L,N,V,T,M,P,N,N,D,N,F,D,K,L,Y,I,W,G,V,H,H,P,S,T,D,Q,E,Q,T,N,L,Y,V,Q,A,S,G,R,V,T,V,S,T,K,R,S,Q,Q,T,I,I,P,N,I,G,S,R,P,W,V,R,G,L,S,S,R,I,S,I,Y,W,T,I,V,K,P,G,D,I,L,V,I,N,S,N,G,N,L,I,A,P,R,G,Y,F,K,M,R,T,G,K,S,S,I,M,R,S,D,A,P,I,G,T,C,I,S,E,C,I,T,P,N,G,S,I,P,N,D,K,P,F,Q,N,V,N,K,I,T,Y,G,A,C,P,K,Y,V,K,Q,N,T,L,K,L,A,T,G,M,R,N,V,P,E,K,Q,T
SL/840/74,-,-,-,-,-,-,-,-,-,-,-,-,-,-,-,-,-,-,-,-,-,-,-,-,-,-,-,-,-,-,-,-,-,-,-,-,-,-,-,-,-,-,-,-,-,-,-,-,-,-,-,-,-,-,-,-,-,-,-,-,-,-,-,-,-,-,-,-,-,-,-,-,-,-,-,-,-,-,-,-,-,-,-,-,-,-,-,-,-,-,-,-,-,-,-,-,-,-,-,-,-,-,-,-,-,-,-,-,-,-,-,-,-,-,-,-,-,-,-,-,-,-,-,-,-,-,-,-,-,-,-,-,-,-,-,-,-,-,-,-,-,-,-,-,-,-,-,-,-,-,-,-,-,-,-,-,-,-,-,-,-,-,-,-,-,-,-,-,-,-,-,-,-,-,-,-,-,-,-,-,-,-,-,-,-,-,-,-,-,-,-,-,-,-,-,-,-,-,-,-,-,-,-,-,-,-,-,-,-,-,-,-,-,-,-,-,-,-,-,-,-,-,-,-,-,-,-,-,-,-,-,-,-,-,-,-,-,-,-,-,-,-,-,-,-,-,-,-,-,-,-,-,-,-,-,-,-,-,-,-,-,-,-,-,-,-,-,-,-,-,-,-,-,-,-,-,-,-,-,-,-,-,-,-,-,-,-,-,-,-,-,-,-,-,-,-,-,-,-,-,-,-,-,-,-,-,-,-,-,-,-,-,-,-,-,-,-,-,-,-,-,-,-,-,-,-,-,-
VI/3A/75,Q,D,L,P,G,N,D,N,S,T,A,T,L,C,L,G,H,H,A,V,P,N,G,T,L,V,K,T,I,T,N,D,Q,I,E,V,T,N,A,T,E,L,V,Q,S,S,S,T,G,K,I,C,D,N,P,H,R,I,L,D,G,I,N,C,T,L,I,D,A,L,L,G,D,P,H,C,D,G,F,Q,N,E,K,W,D,L,F,V,E,R,S,K,A,F,S,N,C,Y,P,Y,D,V,P,D,Y,A,S,L,R,S,L,V,A,S,S,G,T,L,E,F,I,N,E,G,F,N,W,T,G,V,T,Q,N,G,G,S,S,A,C,K,R,G,P,D,N,G,F,F,S,R,L,N,W,L,Y,K,L,G,S,T,Y,P,V,Q,N,V,T,M,P,N,N,D,N,S,D,K,L,Y,I,W,G,V,H,H,P,S,T,D,K,E,Q,T,D,L,Y,V,Q,A,S,G,K,V,T,V,S,T,K,R,N,Q,Q,T,V,I,P,N,V,G,S,R,P,W,V,R,G,L,S,S,R,V,S,I,Y,W,T,I,V,K,P,G,D,I,L,V,I,N,S,N,G,N,L,I,A,P,R,G,Y,F,K,M,R,T,G,K,S,S,I,M,R,S,D,A,P,I,G,T,C,S,S,E,C,I,T,P,N,G,S,I,P,N,D,K,P,F,Q,N,V,N,K,I,T,Y,G,A,C,P,K,Y,V,K,Q,N,T,L,K,L,A,T,G,M,R,N,V,P,E,K,Q,T
VI/3C/75,Q,D,L,P,G,N,D,N,S,T,A,T,L,C,L,G,H,H,A,V,P,N,G,T,L,V,K,T,I,T,N,D,Q,I,E,V,T,N,A,T,E,L,V,Q,S,S,S,T,G,K,I,C,D,N,P,H,R,I,L,D,G,I,N,C,T,L,I,D,A,L,L,G,D,P,H,C,D,G,F,Q,N,E,K,W,D,L,F,V,E,R,S,K,A,F,S,N,C,Y,P,Y,D,V,P,D,Y,A,S,L,R,S,L,V,A,S,S,G,T,L,E,F,I,N,E,G,F,N,W,T,G,V,T,Q,N,G,G,S,S,A,C,K,R,G,P,D,N,G,F,F,S,R,L,N,W,L,Y,K,L,G,S,T,Y,P,V,Q,N,V,T,M,P,N,N,D,N,S,D,K,L,Y,I,W,G,V,H,H,P,S,T,D,K,E,Q,T,D,L,Y,V,Q,A,S,G,K,V,T,V,S,T,K,R,N,Q,Q,T,V,I,P,N,V,G,S,R,P,W,V,R,G,L,S,S,R,V,S,I,Y,W,T,I,V,K,P,G,D,I,L,V,I,N,S,N,G,N,L,I,A,P,R,G,Y,F,K,M,R,T,G,K,S,S,I,M,R,S,D,A,P,I,G,T,C,S,S,E,C,I,T,P,N,G,S,I,P,N,D,K,P,F,Q,N,V,N,K,I,T,Y,G,A,C,P,K,Y,V,K,Q,N,T,L,K,L,A,T,G,M,R,N,V,P,E,K,Q,T
AM/1609/77,Q,D,L,P,G,N,D,N,S,T,A,T,L,C,L,G,H,H,A,V,P,N,G,T,L,V,K,T,I,T,N,D,Q,I,E,V,T,N,A,T,E,L,V,Q,S,S,S,T,G,K,I,C,D,N,P,H,R,I,L,D,G,I,N,C,T,L,I,D,A,L,L,G,D,P,H,C,D,G,F,Q,N,E,K,W,D,L,F,V,E,R,S,K,A,F,S,N,C,Y,P,Y,D,V,P,D,Y,A,S,L,R,S,L,V,A,S,S,G,T,L,E,F,I,N,E,G,F,N,W,T,G,V,T,Q,N,G,G,S,S,A,C,K,R,G,P,D,N,G,F,F,S,R,L,N,W,L,Y,K,S,G,S,T,Y,P,V,Q,N,V,T,M,P,N,N,D,N,S,D,K,L,Y,I,W,G,V,H,H,P,S,T,D,K,E,Q,T,D,L,Y,V,Q,A,S,G,K,V,T,V,S,T,K,R,S,Q,Q,T,V,I,P,N,V,G,S,R,P,W,V,R,G,L,S,S,R,V,S,I,Y,W,T,I,V,K,P,G,D,I,L,V,I,N,S,N,G,N,L,I,A,P,R,G,Y,F,K,M,R,T,G,K,S,S,I,M,R,S,D,A,P,I,G,T,C,S,S,E,C,I,T,P,N,G,S,I,P,N,D,K,P,F,Q,N,V,N,K,I,T,Y,G,A,C,P,K,Y,I,K,Q,N,T,L,K,L,A,T,G,M,R,N,V,P,E,K,Q,T
TE/1A/77,Q,N,L,P,G,N,D,N,S,T,A,T,L,C,L,G,H,H,A,V,P,N,G,T,L,V,K,T,I,T,N,D,Q,I,E,V,T,N,A,T,E,L,V,Q,S,S,S,T,G,R,I,C,D,S,P,H,R,I,L,D,G,K,N,C,T,L,I,D,A,L,L,G,D,P,H,C,D,G,F,Q,N,E,K,W,D,L,F,V,E,R,S,K,A,F,S,N,C,Y,P,Y,D,V,P,D,Y,A,S,L,R,S,L,V,A,S,S,G,T,L,E,F,I,N,E,G,F,N,W,T,G,V,T,Q,N,G,G,S,Y,A,C,K,R,G,P,D,N,G,F,F,S,R,L,N,W,L,Y,K,S,E,S,T,Y,P,V,L,N,V,T,M,P,N,N,G,N,F,D,K,L,Y,I,W,G,V,H,H,P,S,T,D,K,E,Q,T,N,L,Y,V,Q,A,S,G,R,V,T,V,S,T,K,R,S,Q,Q,T,I,I,P,N,V,G,S,R,P,W,V,R,G,L,S,S,R,I,S,I,Y,W,T,I,V,K,P,G,D,I,L,L,I,N,S,N,G,N,L,I,A,P,R,G,Y,F,K,I,R,T,G,K,S,S,I,M,R,S,D,A,P,I,G,T,C,S,S,E,C,I,T,P,N,G,S,I,P,N,D,K,P,F,Q,N,V,N,K,I,T,Y,G,A,C,P,K,Y,V,K,Q,N,T,L,K,L,A,T,G,M,R,N,V,P,E,K,Q,T
TE/1B/77,Q,N,L,P,G,N,D,N,S,T,A,T,L,C,L,G,H,H,A,V,P,N,G,T,L,V,K,T,I,T,N,D,Q,I,E,V,T,N,A,T,E,L,V,Q,S,S,S,T,G,R,I,C,D,S,P,H,R,I,L,D,G,K,N,C,T,L,I,D,A,L,L,G,D,P,H,C,D,G,F,Q,N,E,K,W,D,L,F,V,E,R,S,K,A,F,S,N,C,Y,P,Y,D,V,P,D,Y,A,S,L,R,S,L,V,A,S,S,G,T,L,E,F,I,N,E,G,F,N,W,T,G,V,T,Q,N,G,G,S,Y,A,C,K,R,G,P,D,N,G,F,F,S,R,L,N,W,L,Y,K,S,E,S,T,Y,P,V,L,N,V,T,M,P,N,N,G,N,F,D,K,L,Y,I,W,G,V,H,H,P,S,T,D,K,E,Q,T,N,L,Y,V,Q,A,S,G,R,V,T,V,S,T,K,R,S,Q,Q,T,I,I,P,N,V,G,S,R,P,W,V,R,G,L,S,S,R,I,S,I,Y,W,T,I,V,K,P,G,D,I,L,L,I,N,S,N,G,N,L,I,A,P,R,G,Y,F,K,I,R,T,G,K,S,S,I,M,R,S,D,A,P,I,G,T,C,S,S,E,C,I,T,P,N,G,S,I,P,N,D,K,P,F,Q,N,V,N,K,I,T,Y,G,A,C,P,K,Y,V,K,Q,N,T,L,K,L,A,T,G,M,R,N,V,P,E,K,Q,T
BI/2461/78,-,-,-,-,-,-,-,-,-,-,-,-,-,-,-,-,-,-,-,-,-,-,-,-,-,-,-,-,-,-,-,-,-,-,-,-,-,-,-,-,-,-,-,-,-,-,-,-,-,-,-,-,-,-,-,-,-,-,-,-,-,-,-,-,-,-,-,-,-,-,-,-,-,-,-,-,-,-,-,-,-,-,-,-,-,-,-,-,-,-,-,-,-,-,-,-,-,-,-,-,-,-,-,-,-,-,-,-,-,-,-,-,-,-,-,-,-,-,-,-,-,-,-,-,-,-,-,-,-,-,-,-,-,-,-,-,-,-,-,-,-,-,-,-,-,-,-,-,-,-,-,-,-,-,-,-,-,-,-,-,-,-,-,-,-,-,-,-,-,-,-,-,-,-,-,-,-,-,-,-,-,-,-,-,-,-,-,-,-,-,-,-,-,-,-,-,-,-,-,-,-,-,-,-,-,-,-,-,-,-,-,-,-,-,-,-,-,-,-,-,-,-,-,-,-,-,-,-,-,-,-,-,-,-,-,-,-,-,-,-,-,-,-,-,-,-,-,-,-,-,-,-,-,-,-,-,-,-,-,-,-,-,-,-,-,-,-,-,-,-,-,-,-,-,-,-,-,-,-,-,-,-,-,-,-,-,-,-,-,-,-,-,-,-,-,-,-,-,-,-,-,-,-,-,-,-,-,-,-,-,-,-,-,-,-,-,-,-,-,-,-,-,-,-,-,-,-,-
BA/1/79,Q,N,L,P,G,N,D,N,S,T,A,T,L,C,L,G,H,H,A,V,P,N,G,T,L,V,K,T,I,T,N,D,Q,I,E,V,T,N,A,T,E,L,V,Q,S,S,S,T,G,R,I,C,D,S,P,H,R,I,L,D,G,K,N,C,T,L,I,D,A,L,L,G,D,P,H,C,D,G,F,Q,N,E,K,W,D,L,F,V,E,R,S,K,A,F,S,N,C,Y,P,Y,D,V,P,D,Y,A,S,L,R,S,L,V,A,S,S,G,T,L,E,F,I,N,E,G,F,N,W,T,G,V,T,Q,S,G,G,S,Y,A,C,K,R,G,S,D,N,S,F,F,S,R,L,N,W,L,Y,E,S,E,S,K,Y,P,V,L,N,V,T,M,P,N,N,G,N,F,D,K,L,Y,I,W,G,V,H,H,P,S,T,D,K,E,Q,T,N,L,Y,V,R,A,S,G,R,V,T,V,S,T,K,R,S,Q,Q,T,I,I,P,N,I,G,S,R,P,W,V,R,G,L,S,S,R,I,S,I,Y,W,T,I,V,K,P,G,D,I,L,L,I,N,S,N,G,N,L,I,A,P,R,G,Y,F,K,I,R,T,G,K,S,S,I,M,R,S,D,A,P,I,G,T,C,S,S,E,C,I,T,P,N,G,S,I,P,N,D,K,P,F,Q,N,V,N,K,I,T,Y,G,A,C,P,K,Y,V,K,Q,N,T,L,K,L,A,T,G,M,R,N,V,P,E,K,Q,T
BA/2/79,-,-,-,-,-,-,-,-,-,-,-,-,-,-,-,-,-,-,-,-,-,-,-,-,-,-,-,-,-,-,-,-,-,-,-,-,-,-,-,-,-,-,-,-,-,-,-,-,-,-,-,-,-,-,-,-,-,-,-,-,-,-,-,-,-,-,-,-,-,-,-,-,-,-,-,-,-,-,-,-,-,-,-,-,-,-,-,-,-,-,-,-,-,-,-,-,-,-,-,-,-,-,-,-,-,-,-,-,-,-,-,-,-,-,-,-,-,-,-,-,-,-,-,-,-,-,-,-,-,-,-,-,-,-,-,-,-,-,-,-,-,-,-,-,-,-,-,-,-,-,-,-,-,-,-,-,-,-,-,-,-,-,-,-,-,-,-,-,-,-,-,-,-,-,-,-,-,-,-,-,-,-,-,-,-,-,-,-,-,-,-,-,-,-,-,-,-,-,-,-,-,-,-,-,-,-,-,-,-,-,-,-,-,-,-,-,-,-,-,-,-,-,-,-,-,-,-,-,-,-,-,-,-,-,-,-,-,-,-,-,-,-,-,-,-,-,-,-,-,-,-,-,-,-,-,-,-,-,-,-,-,-,-,-,-,-,-,-,-,-,-,-,-,-,-,-,-,-,-,-,-,-,-,-,-,-,-,-,-,-,-,-,-,-,-,-,-,-,-,-,-,-,-,-,-,-,-,-,-,-,-,-,-,-,-,-,-,-,-,-,-,-,-,-,-,-,-,-
EN/496/80,-,-,-,-,-,-,-,-,-,-,-,-,-,-,-,-,-,-,-,-,-,-,-,-,-,-,-,-,-,-,-,-,-,-,-,-,-,-,-,-,-,-,-,-,-,-,-,-,-,-,-,-,-,-,-,-,-,-,-,-,-,-,-,-,-,-,-,-,-,-,-,-,-,-,-,-,-,-,-,-,-,-,-,-,-,-,-,-,-,-,-,-,-,-,-,-,-,-,-,-,-,-,-,-,-,-,-,-,-,-,-,-,-,-,-,-,-,-,-,-,-,-,-,-,-,-,-,-,-,-,-,-,-,-,-,-,-,-,-,-,-,-,-,-,-,-,-,-,-,-,-,-,-,-,-,-,-,-,-,-,-,-,-,-,-,-,-,-,-,-,-,-,-,-,-,-,-,-,-,-,-,-,-,-,-,-,-,-,-,-,-,-,-,-,-,-,-,-,-,-,-,-,-,-,-,-,-,-,-,-,-,-,-,-,-,-,-,-,-,-,-,-,-,-,-,-,-,-,-,-,-,-,-,-,-,-,-,-,-,-,-,-,-,-,-,-,-,-,-,-,-,-,-,-,-,-,-,-,-,-,-,-,-,-,-,-,-,-,-,-,-,-,-,-,-,-,-,-,-,-,-,-,-,-,-,-,-,-,-,-,-,-,-,-,-,-,-,-,-,-,-,-,-,-,-,-,-,-,-,-,-,-,-,-,-,-,-,-,-,-,-,-,-,-,-,-,-,-
NL/209/80,Q,N,L,P,G,N,D,N,S,T,A,T,L,C,L,G,H,H,A,V,P,N,G,T,L,V,K,T,I,T,N,D,Q,I,E,V,T,N,A,T,E,L,V,Q,S,S,S,T,G,R,I,C,D,S,P,H,R,I,L,D,G,K,N,C,T,L,V,D,A,L,L,G,D,P,H,C,D,G,F,Q,N,E,K,W,D,L,F,V,E,R,S,K,A,F,S,N,C,Y,P,Y,D,V,P,D,Y,A,S,L,R,S,L,V,A,S,S,G,T,L,E,F,I,N,E,S,F,N,W,T,G,V,T,Q,S,G,G,S,Y,A,C,K,R,G,S,D,N,S,F,F,S,R,L,N,W,L,Y,E,S,E,S,K,Y,P,V,L,N,V,T,M,P,N,N,G,N,F,D,K,L,Y,I,W,G,V,H,H,P,S,T,D,K,E,Q,T,N,L,Y,V,R,A,S,G,R,V,T,V,S,T,K,R,S,Q,Q,T,I,I,P,N,I,G,S,R,P,W,V,R,G,L,S,S,R,I,S,I,Y,W,T,I,V,K,P,G,D,I,L,L,I,N,S,N,G,N,L,I,A,P,R,G,Y,F,K,I,R,T,G,K,S,S,I,M,R,S,D,A,P,I,G,T,C,S,S,E,C,I,T,P,N,G,S,I,P,N,D,K,P,F,Q,N,V,N,K,I,T,Y,G,A,C,P,K,Y,V,K,Q,N,T,L,K,L,A,T,G,M,R,N,V,P,E,K,Q,T
RD/577/80,Q,N,L,P,G,N,D,N,S,T,A,T,L,C,L,G,H,H,A,V,P,N,G,T,L,V,K,T,I,T,N,D,Q,I,E,V,T,N,A,T,E,L,V,Q,S,S,S,T,G,R,I,C,D,S,P,H,R,I,L,D,G,K,N,C,T,L,I,D,A,L,L,G,D,P,H,C,D,G,F,Q,N,E,K,W,D,L,F,V,E,R,S,K,A,F,S,N,C,Y,P,Y,D,V,P,D,Y,A,S,L,R,S,L,I,A,S,S,G,T,L,E,F,I,N,E,G,F,N,W,T,G,V,T,Q,S,G,G,S,Y,A,C,K,R,G,S,D,N,S,F,F,S,R,L,N,W,L,Y,E,S,E,S,K,Y,P,V,L,N,V,T,M,P,N,N,G,N,F,D,K,L,Y,I,W,G,V,H,H,P,S,T,D,K,E,Q,T,N,L,Y,V,R,A,S,G,R,V,T,V,S,T,K,R,S,Q,Q,T,I,I,P,N,I,G,S,R,P,W,V,R,G,L,S,S,R,I,S,I,Y,W,T,I,V,K,P,G,D,I,L,L,I,N,S,N,G,N,L,I,A,P,R,G,Y,F,K,I,R,T,G,K,S,S,I,M,R,S,D,A,P,I,G,T,C,S,S,E,C,I,T,P,N,G,S,I,P,N,D,K,P,F,Q,N,V,N,K,I,T,Y,G,A,C,P,K,Y,V,K,Q,N,T,L,K,L,A,T,G,M,R,N,V,P,E,K,Q,T
SH/31/80,-,-,-,-,-,-,-,-,-,-,-,-,-,-,-,-,-,-,-,-,-,-,-,-,-,-,-,-,-,-,-,-,-,-,-,-,-,-,-,-,-,-,-,-,-,-,-,-,-,-,-,-,-,-,-,-,-,-,-,-,-,-,-,-,-,-,-,-,-,-,-,-,-,-,-,-,-,-,-,-,-,-,-,-,-,-,-,-,-,-,-,-,-,-,-,-,-,-,-,-,-,-,-,-,-,-,-,-,-,-,-,-,-,-,-,-,-,-,-,-,-,-,-,-,-,-,-,-,-,-,-,-,-,-,-,-,-,-,-,-,-,-,-,-,-,-,-,-,-,-,-,-,-,-,-,-,-,-,-,-,-,-,-,-,-,-,-,-,-,-,-,-,-,-,-,-,-,-,-,-,-,-,-,-,-,-,-,-,-,-,-,-,-,-,-,-,-,-,-,-,-,-,-,-,-,-,-,-,-,-,-,-,-,-,-,-,-,-,-,-,-,-,-,-,-,-,-,-,-,-,-,-,-,-,-,-,-,-,-,-,-,-,-,-,-,-,-,-,-,-,-,-,-,-,-,-,-,-,-,-,-,-,-,-,-,-,-,-,-,-,-,-,-,-,-,-,-,-,-,-,-,-,-,-,-,-,-,-,-,-,-,-,-,-,-,-,-,-,-,-,-,-,-,-,-,-,-,-,-,-,-,-,-,-,-,-,-,-,-,-,-,-,-,-,-,-,-,-
NL/233/82,Q,N,L,P,G,N,D,N,S,T,A,T,L,C,L,G,H,H,A,V,P,N,G,T,L,V,K,T,I,T,N,D,Q,I,E,V,T,N,A,T,E,L,V,Q,S,S,S,T,G,R,I,C,D,S,P,H,R,I,L,D,G,K,N,C,T,L,I,D,A,L,L,G,D,P,H,C,D,G,F,Q,N,E,K,W,D,L,F,V,E,R,S,K,A,F,S,N,C,Y,P,Y,D,V,P,D,Y,A,S,L,R,S,L,V,A,S,S,G,T,L,E,F,I,N,E,G,F,N,W,T,G,V,T,Q,S,G,G,S,Y,A,C,K,R,G,S,D,N,S,F,F,S,R,L,N,W,L,Y,E,S,E,S,K,Y,P,V,L,N,V,T,M,P,N,N,G,K,F,D,K,L,Y,I,W,G,V,H,H,P,S,T,D,K,E,Q,T,K,L,Y,V,R,A,S,G,R,V,T,V,S,T,K,R,S,Q,Q,T,V,I,P,N,I,G,S,R,P,W,V,R,G,L,S,S,R,I,S,I,Y,W,T,I,V,K,P,G,D,I,L,L,I,N,S,T,G,N,L,I,A,P,R,G,Y,F,K,I,R,T,G,K,S,S,I,M,R,S,D,A,P,I,G,T,C,S,S,E,C,I,T,P,N,G,S,I,P,N,D,K,P,F,Q,N,V,N,K,I,T,Y,G,A,C,P,R,Y,V,K,Q,N,T,L,K,L,A,T,G,M,R,N,V,P,E,K,Q,T
NL/241/82,Q,N,L,P,G,N,D,N,S,T,A,T,L,C,L,G,H,H,A,V,P,N,G,T,L,V,K,T,I,T,N,D,Q,I,E,V,T,N,A,T,E,L,V,Q,S,S,S,T,G,R,I,C,D,S,P,H,R,I,L,D,G,K,N,C,T,L,I,D,A,L,L,G,D,P,H,C,D,G,F,Q,N,E,K,W,D,L,F,V,E,R,S,R,A,F,S,N,C,Y,P,Y,D,V,P,D,Y,A,S,L,R,S,L,V,A,S,S,G,T,L,E,F,I,N,E,G,F,N,W,T,G,V,T,Q,S,G,G,S,Y,A,C,K,R,G,S,D,N,S,F,F,S,R,L,N,W,L,Y,E,S,E,S,K,Y,P,V,L,N,V,T,M,P,N,N,G,K,F,D,K,L,Y,I,W,G,V,H,H,P,S,T,D,K,E,Q,T,N,L,Y,V,R,A,S,G,R,V,T,V,S,T,K,R,S,Q,Q,T,V,I,P,N,I,G,S,R,P,W,V,R,G,L,S,S,R,I,S,I,Y,W,T,I,V,K,P,G,D,I,L,L,I,N,S,T,G,N,L,I,A,P,R,G,Y,F,K,I,R,T,G,K,S,S,I,M,R,S,D,A,P,I,G,T,C,S,S,E,C,I,T,P,N,G,S,I,P,N,D,K,P,F,Q,N,V,N,K,I,T,Y,G,A,C,P,R,Y,V,K,Q,N,T,L,K,L,A,T,G,M,R,N,V,P,E,K,Q,T
PH/2/82,Q,N,L,P,G,N,D,N,S,T,A,T,L,C,L,G,H,H,A,V,P,N,G,T,L,V,K,T,I,T,N,D,Q,I,E,V,T,N,A,T,E,L,V,Q,S,S,S,T,G,R,I,C,D,S,P,H,R,I,L,D,G,K,N,C,T,L,I,D,A,L,L,G,D,P,H,C,D,G,F,Q,N,E,K,W,D,L,F,V,E,R,S,K,A,F,S,N,C,Y,P,Y,D,V,P,D,Y,A,S,L,R,S,L,V,A,S,S,G,T,L,E,F,I,N,E,G,F,N,W,T,G,V,T,Q,S,G,G,S,Y,T,C,K,R,G,S,N,N,S,F,F,S,R,L,N,W,L,Y,E,S,E,S,K,Y,P,V,L,N,V,T,M,P,N,N,G,K,F,D,K,L,Y,I,W,G,I,H,H,P,S,T,D,K,E,Q,T,N,L,Y,V,R,A,S,G,R,V,T,V,S,T,K,R,S,Q,Q,T,V,I,P,N,I,G,S,R,P,W,V,R,G,L,S,S,R,I,S,I,Y,W,T,I,V,K,P,G,D,I,L,L,I,N,S,T,G,N,L,I,A,P,R,G,Y,F,K,I,R,T,G,K,S,S,I,M,R,S,D,A,P,I,G,T,C,S,S,E,C,I,T,P,N,G,S,I,P,N,D,K,P,F,Q,N,V,N,K,I,T,Y,G,A,C,P,R,Y,V,K,Q,N,T,L,K,L,A,T,G,M,R,N,V,P,E,K,Q,T
PH/2V/82,Q,N,L,P,G,N,D,N,S,T,A,T,L,C,L,G,H,H,A,V,P,N,G,T,L,V,K,T,I,T,N,D,Q,I,E,V,T,N,A,T,E,L,V,Q,S,S,S,T,G,R,I,C,D,S,P,H,R,I,L,D,G,K,N,C,T,L,I,D,A,L,L,G,D,P,H,C,D,G,F,Q,N,E,K,W,D,L,F,V,E,R,S,K,A,F,S,N,C,Y,P,Y,D,V,P,D,Y,A,S,L,R,S,L,V,A,S,S,G,T,L,E,F,I,N,E,G,F,N,W,T,G,V,T,Q,S,G,G,S,Y,T,C,K,R,G,S,N,N,S,F,F,S,R,L,N,W,L,Y,E,S,E,S,K,Y,P,V,L,N,V,T,M,P,N,N,G,K,F,D,K,L,Y,I,W,G,I,H,H,P,S,T,D,K,E,Q,T,N,L,Y,V,R,A,S,G,R,V,T,V,S,T,K,R,S,Q,Q,T,V,I,P,N,I,G,S,R,P,W,V,R,G,L,S,S,R,I,S,I,Y,W,T,I,V,K,P,G,D,I,L,L,I,N,S,T,G,N,L,I,A,P,R,G,Y,F,K,I,R,T,G,K,S,S,I,M,R,S,D,A,P,I,G,T,C,S,S,E,C,I,T,P,N,G,S,I,P,N,D,K,P,F,Q,N,V,N,K,I,T,Y,G,A,C,P,R,Y,V,K,Q,N,T,L,K,L,A,T,G,M,R,N,V,P,E,K,Q,T
CE/1A/84,Q,K,L,P,G,N,D,N,S,T,A,T,L,C,L,G,H,H,A,V,P,N,G,T,L,V,K,T,I,T,N,D,Q,I,E,V,T,N,A,T,E,L,V,Q,S,S,S,T,G,R,I,C,D,S,P,H,R,I,L,D,G,K,N,C,T,L,I,D,A,L,L,G,D,P,H,C,D,G,F,Q,N,E,K,W,D,L,F,V,E,R,S,K,A,Y,S,N,C,Y,P,Y,D,V,P,D,Y,A,S,L,R,S,L,V,A,S,S,G,T,L,E,F,I,N,E,G,F,N,W,T,G,V,T,Q,S,G,G,S,Y,A,C,K,R,G,S,V,N,S,F,F,S,R,L,N,W,L,Y,K,S,E,S,K,Y,P,V,L,N,V,T,M,P,N,N,G,K,F,D,K,L,Y,I,W,G,V,H,H,P,S,T,D,K,E,Q,T,N,L,Y,V,R,A,S,G,R,V,T,V,S,T,K,R,S,Q,Q,T,V,I,P,N,I,G,S,R,P,W,V,R,G,L,S,S,R,I,S,I,Y,W,T,I,V,K,P,G,D,I,L,L,I,N,S,T,G,N,L,I,A,P,R,G,Y,F,K,I,R,T,G,K,S,S,I,M,R,S,D,A,P,I,G,T,C,S,Y,E,C,I,T,P,N,G,S,I,P,N,D,K,P,F,Q,N,V,N,K,I,T,Y,G,A,C,P,R,Y,V,K,Q,N,T,L,K,L,A,T,G,M,R,N,V,P,E,K,Q,T
CE/1B/84,Q,K,L,P,G,N,D,N,S,T,A,T,L,C,L,G,H,H,A,V,P,N,G,T,L,V,K,T,I,T,N,D,Q,I,E,V,T,N,A,T,E,L,V,Q,S,S,S,T,G,R,I,C,D,S,P,H,R,I,L,D,G,K,N,C,T,L,I,D,A,L,L,G,D,P,H,C,D,G,F,Q,N,E,K,W,D,L,F,V,E,R,S,K,A,Y,S,N,C,Y,P,Y,D,V,P,D,Y,A,S,L,R,S,L,V,A,S,S,G,T,L,E,F,I,N,E,G,F,N,W,T,G,V,T,Q,S,G,G,S,Y,A,C,K,R,G,S,V,N,S,F,F,S,R,L,N,W,L,Y,K,S,E,S,K,Y,P,V,L,N,V,T,M,P,N,N,G,K,F,D,K,L,Y,I,W,G,V,H,H,P,S,T,D,K,E,Q,T,N,L,Y,V,R,A,S,G,R,V,T,V,S,T,K,R,S,Q,Q,T,V,I,P,N,I,G,S,R,P,W,V,R,G,L,S,S,R,I,S,I,Y,W,T,I,V,K,P,G,D,I,L,L,I,N,S,T,G,N,L,I,A,P,R,G,Y,F,K,I,R,T,G,K,S,S,I,M,R,S,D,A,P,I,G,T,C,S,Y,E,C,I,T,P,N,G,S,I,P,N,D,K,P,F,Q,N,V,N,K,I,T,Y,G,A,C,P,R,Y,V,K,Q,N,T,L,K,L,A,T,G,M,R,N,V,P,E,K,Q,T
CC/4/85,-,-,-,-,-,-,-,-,-,-,-,-,-,-,-,-,-,-,-,-,-,-,-,-,-,-,-,-,-,-,-,-,-,-,-,-,-,-,-,-,-,-,-,-,-,-,-,-,-,-,-,-,-,-,-,-,-,-,-,-,-,-,-,-,-,-,-,-,-,-,-,-,-,-,-,-,-,-,-,-,-,-,-,-,-,-,-,-,-,-,-,-,-,-,-,-,-,-,-,-,-,-,-,-,-,-,-,-,-,-,-,-,-,-,-,-,-,-,-,-,-,-,-,-,-,-,-,-,-,-,-,-,-,-,-,-,-,-,-,-,-,-,-,-,-,-,-,-,-,-,-,-,-,-,-,-,-,-,-,-,-,-,-,-,-,-,-,-,-,-,-,-,-,-,-,-,-,-,-,-,-,-,-,-,-,-,-,-,-,-,-,-,-,-,-,-,-,-,-,-,-,-,-,-,-,-,-,-,-,-,-,-,-,-,-,-,-,-,-,-,-,-,-,-,-,-,-,-,-,-,-,-,-,-,-,-,-,-,-,-,-,-,-,-,-,-,-,-,-,-,-,-,-,-,-,-,-,-,-,-,-,-,-,-,-,-,-,-,-,-,-,-,-,-,-,-,-,-,-,-,-,-,-,-,-,-,-,-,-,-,-,-,-,-,-,-,-,-,-,-,-,-,-,-,-,-,-,-,-,-,-,-,-,-,-,-,-,-,-,-,-,-,-,-,-,-,-,-
NL/330/85,Q,K,L,P,G,N,D,N,S,T,A,T,L,C,L,G,H,H,A,V,P,N,G,T,L,V,K,T,I,T,N,D,Q,I,E,V,T,N,A,T,E,L,V,Q,S,S,S,T,G,R,I,C,D,S,P,H,R,I,L,D,G,K,N,C,T,L,I,D,A,L,L,G,D,P,H,C,D,G,F,Q,N,E,K,W,D,L,F,V,E,R,S,K,A,F,S,N,C,Y,P,Y,D,V,P,D,Y,A,S,L,R,S,L,V,A,S,S,G,T,L,E,F,I,N,E,G,F,N,W,T,G,V,T,Q,S,G,G,S,Y,A,C,K,R,G,S,V,N,S,F,F,S,R,L,N,W,L,Y,E,S,E,S,K,Y,P,A,L,N,V,T,M,P,N,N,G,K,F,D,K,L,Y,I,W,G,V,H,H,P,S,T,D,K,E,Q,T,N,L,Y,V,R,A,S,G,R,V,T,V,S,T,K,R,S,Q,Q,T,V,I,P,N,I,G,P,R,P,W,V,R,G,L,S,S,R,I,S,I,Y,W,T,I,V,K,P,G,D,I,L,L,I,N,S,T,G,N,L,I,A,P,R,G,Y,F,K,I,R,T,G,K,S,S,I,M,R,S,D,A,P,I,G,T,C,S,S,E,C,I,T,P,N,G,S,I,P,N,D,K,P,F,Q,N,V,N,K,I,T,Y,G,A,C,P,R,Y,V,K,Q,N,T,L,K,L,A,T,G,M,R,N,V,P,E,K,Q,T
NL/333/85,Q,K,L,P,G,N,D,N,S,T,A,T,L,C,L,G,H,H,A,V,P,N,G,T,L,V,K,T,I,T,N,D,Q,I,E,V,T,N,A,T,E,L,V,Q,S,S,S,T,G,R,I,C,D,S,P,H,R,I,L,D,G,K,N,C,T,L,I,D,A,L,L,G,D,P,H,C,D,G,F,Q,N,E,K,W,D,L,F,V,E,R,S,K,A,F,S,N,C,Y,P,Y,D,V,P,D,Y,A,S,L,R,S,L,V,A,S,S,G,T,L,E,F,I,N,E,G,F,N,W,T,G,V,T,Q,S,G,G,S,Y,A,C,K,R,G,S,V,N,S,F,F,S,R,L,N,W,L,Y,K,S,E,S,K,Y,P,A,L,N,V,T,M,P,N,N,G,K,F,D,K,L,Y,I,W,G,V,H,H,P,S,T,D,K,E,Q,T,N,L,Y,V,R,A,S,G,R,V,T,V,S,T,K,R,S,Q,Q,T,V,I,P,N,I,G,S,R,P,W,V,R,G,L,S,S,R,I,S,I,Y,W,T,I,V,K,P,G,D,I,L,L,I,N,S,T,G,N,L,I,A,P,R,G,Y,F,K,I,R,T,G,K,S,S,I,I,R,S,D,A,P,I,G,T,C,S,S,E,C,I,T,P,N,G,S,I,P,N,D,K,P,F,Q,N,V,N,K,I,T,Y,G,A,C,P,R,Y,V,K,Q,N,T,L,K,L,A,T,G,M,R,N,V,P,E,K,Q,T
ST/10/85,Q,K,L,P,G,N,D,N,S,T,A,T,L,C,L,G,H,H,A,V,P,N,G,T,L,V,K,T,I,T,N,D,Q,I,E,V,T,N,A,T,E,L,V,Q,S,S,S,T,G,R,I,C,D,S,P,H,R,I,L,D,G,K,N,C,T,L,I,D,A,L,L,G,D,P,H,C,D,G,F,Q,N,E,K,W,D,L,F,I,E,R,S,K,A,F,S,N,C,Y,P,Y,D,V,P,D,Y,A,S,L,R,S,L,V,A,S,S,G,T,L,E,F,I,N,E,G,F,N,W,T,G,V,T,Q,S,G,G,S,Y,A,C,K,R,G,S,V,N,S,F,F,S,R,L,N,W,L,Y,E,S,E,Y,K,Y,P,A,L,N,V,T,M,P,N,N,G,K,F,D,K,L,Y,I,W,G,V,H,H,P,S,T,E,K,E,Q,T,N,L,Y,V,R,A,S,G,R,V,T,V,S,T,K,R,S,Q,Q,T,V,T,P,N,I,G,S,R,P,W,V,R,G,L,S,S,R,I,S,I,Y,W,T,I,V,K,P,G,D,I,L,L,I,N,S,T,G,N,L,I,A,P,R,G,Y,F,K,I,R,T,G,K,S,S,I,M,R,S,D,A,P,I,G,T,C,S,S,E,C,I,T,P,N,G,S,I,P,N,D,K,P,F,Q,N,V,N,K,I,T,Y,G,A,C,P,R,Y,V,K,Q,N,T,L,K,L,A,T,G,M,R,N,V,P,E,K,Q,T
WE/4/85,Q,K,L,P,G,N,D,N,S,T,A,T,L,C,L,G,H,H,A,V,P,N,G,T,L,V,K,T,I,T,N,D,Q,I,E,V,T,N,A,T,E,L,V,Q,S,S,S,T,G,R,I,C,D,S,P,H,R,I,L,D,G,K,N,C,T,L,I,D,A,L,L,G,D,P,H,C,D,G,F,Q,N,E,K,W,D,L,F,V,E,R,S,K,A,F,S,N,C,Y,P,Y,D,V,P,D,Y,A,S,L,R,S,L,V,A,S,S,G,T,L,E,F,I,N,E,G,F,N,W,T,G,V,T,Q,S,G,G,S,Y,A,C,K,R,G,S,V,N,S,F,F,S,R,L,N,W,L,Y,E,S,E,Y,K,Y,P,A,L,N,V,T,M,P,N,N,G,K,F,D,K,L,Y,I,W,G,V,H,H,P,S,T,D,K,E,Q,T,N,L,Y,V,R,A,S,G,R,V,T,V,S,T,K,R,S,Q,Q,T,V,I,P,N,I,G,S,R,P,W,V,R,G,L,S,S,R,I,S,I,Y,W,T,I,V,K,P,G,D,I,L,L,I,N,S,T,G,N,L,I,A,P,R,G,Y,F,K,I,R,T,G,K,S,S,I,M,R,S,D,A,P,I,G,T,C,S,S,E,C,I,T,P,N,G,S,I,P,N,D,K,P,F,Q,N,V,N,K,I,T,Y,G,A,C,P,R,Y,V,K,Q,N,T,L,K,L,A,T,G,M,R,N,V,P,E,K,Q,T
CO/2/86,Q,K,L,P,G,N,D,N,S,T,A,T,L,C,L,G,H,H,A,V,P,N,G,T,L,V,K,T,I,T,N,D,Q,I,E,V,T,N,A,T,E,L,V,Q,S,S,S,T,G,R,I,C,D,S,P,H,R,I,L,D,G,K,N,C,T,L,I,D,A,L,L,G,D,P,H,C,D,G,F,Q,N,E,K,W,D,L,F,V,E,R,S,K,A,F,S,N,C,Y,P,Y,D,V,P,D,Y,A,S,L,R,S,L,V,A,S,S,G,T,L,E,F,I,N,E,D,F,N,W,T,G,V,T,Q,S,G,G,S,Y,A,C,K,R,E,S,V,N,S,F,F,S,R,L,N,W,L,Y,E,S,E,Y,K,Y,P,A,L,N,V,T,M,P,N,N,G,K,F,E,K,L,Y,I,W,G,V,H,H,P,S,T,D,K,E,Q,T,N,L,Y,V,R,A,S,G,R,V,T,V,S,T,K,R,S,Q,Q,T,V,I,P,N,I,G,S,R,P,W,V,R,G,L,S,S,R,I,S,I,Y,W,T,I,V,K,P,G,D,I,L,L,I,N,S,T,G,N,L,I,A,P,R,G,Y,F,K,I,R,T,G,K,S,S,I,M,R,S,D,A,P,I,G,T,C,S,S,E,C,I,T,P,N,G,S,I,P,N,D,K,P,F,Q,N,V,N,K,I,T,Y,G,A,C,P,R,Y,V,R,Q,N,T,L,K,L,A,T,G,M,R,N,V,P,E,K,Q,T
LE/360/86,Q,K,L,P,G,N,D,N,S,T,A,T,L,C,L,G,H,H,A,V,P,N,G,T,L,V,K,T,I,T,N,D,Q,I,E,V,T,N,A,T,E,L,V,Q,S,S,S,T,G,R,I,C,D,S,P,H,R,I,L,D,G,K,N,C,T,L,I,D,A,L,L,G,D,P,H,C,D,G,F,Q,N,E,K,W,D,L,F,I,E,R,S,K,A,F,S,N,C,Y,P,Y,D,V,P,D,Y,A,S,L,R,S,L,V,A,S,S,G,T,L,E,F,I,N,E,G,F,N,W,T,G,V,T,Q,S,G,G,S,Y,T,C,K,R,G,S,V,N,S,F,F,S,R,L,N,W,L,Y,E,S,E,Y,K,Y,P,A,L,N,V,T,M,P,N,N,G,K,F,D,K,L,Y,I,W,G,V,H,H,P,S,T,E,K,E,Q,T,N,L,Y,V,R,A,S,G,R,V,T,V,S,T,K,R,S,Q,Q,T,V,I,P,N,I,G,S,R,P,W,V,R,G,L,S,S,R,I,S,I,Y,W,T,I,V,K,P,G,D,I,L,L,I,N,S,T,G,N,L,I,A,P,R,G,Y,F,K,I,R,T,G,K,S,S,I,M,R,S,D,A,P,I,G,T,C,S,S,E,C,I,T,P,N,G,S,I,P,N,D,K,P,F,Q,N,V,N,K,I,T,Y,G,A,C,P,R,Y,V,K,Q,N,T,L,K,L,A,T,G,M,R,N,V,P,E,K,Q,T
SH/11/87,Q,K,L,P,G,N,D,N,S,T,A,T,L,C,L,G,H,H,A,V,P,N,G,T,L,V,K,T,I,T,N,D,Q,I,E,V,T,N,A,T,E,L,V,Q,S,S,S,T,G,R,I,C,D,S,P,H,R,I,L,D,G,K,N,C,T,L,I,D,A,L,L,G,D,P,H,C,D,G,F,Q,N,E,K,W,D,L,F,V,E,R,S,K,A,Y,S,N,C,Y,P,Y,D,V,P,D,Y,A,S,L,R,S,L,V,A,S,S,G,T,L,E,F,I,N,E,D,F,N,W,T,G,V,T,Q,S,G,G,S,Y,A,C,K,R,G,S,V,N,S,F,F,S,R,L,N,W,L,H,E,S,E,Y,K,Y,P,A,L,N,V,T,M,P,N,N,G,K,F,D,K,L,Y,I,W,G,V,H,H,P,S,T,D,R,E,Q,T,N,L,Y,V,R,A,S,G,R,V,T,V,S,T,K,R,S,Q,Q,T,V,I,P,N,I,G,S,R,P,W,V,R,G,L,S,S,R,I,S,I,Y,W,T,I,V,K,P,G,D,I,L,L,I,N,R,T,G,N,L,I,A,P,R,G,Y,F,K,I,R,T,G,K,S,S,I,M,R,S,D,A,P,I,G,T,C,S,S,E,C,I,T,P,N,G,S,I,P,N,D,K,P,F,Q,N,V,N,K,I,T,Y,G,A,C,P,R,Y,V,K,Q,N,T,L,K,L,A,T,G,M,R,N,V,P,E,K,Q,T
SI/2/87,Q,K,L,P,G,N,D,N,S,T,A,T,L,C,L,G,H,H,A,V,P,N,G,T,L,V,K,T,I,T,N,D,Q,I,E,V,T,N,A,T,E,L,V,Q,S,S,S,T,G,R,I,C,D,S,P,H,R,I,L,D,G,K,N,C,T,L,I,D,A,L,L,G,D,P,H,C,D,G,F,Q,N,E,K,W,D,L,F,V,E,R,S,K,A,Y,S,N,C,Y,P,Y,D,V,P,D,Y,A,S,L,R,S,L,V,A,S,S,G,T,L,E,F,I,N,E,D,F,N,W,T,G,V,T,Q,S,G,G,S,Y,A,C,K,R,G,S,V,N,S,F,F,S,R,L,N,W,L,H,K,S,E,Y,K,Y,P,A,L,N,V,T,M,P,N,N,G,K,F,D,K,L,Y,I,W,G,V,H,H,R,V,T,D,R,E,Q,T,N,L,Y,V,R,A,S,G,R,V,T,V,S,T,K,R,S,Q,Q,T,V,I,P,N,I,G,S,R,P,W,V,R,G,L,S,S,R,I,S,I,Y,W,T,I,V,K,P,G,D,I,L,L,I,N,S,T,G,N,L,I,A,P,R,G,Y,F,K,I,R,T,G,K,S,S,I,M,R,S,D,A,P,I,G,T,C,S,S,E,C,I,T,P,N,G,S,I,P,N,D,K,P,F,Q,N,V,N,K,I,T,Y,G,A,C,P,R,Y,V,K,Q,N,T,L,K,L,A,T,G,M,R,N,V,P,E,K,Q,T
VI/7/87,Q,K,L,P,G,N,D,N,S,T,A,T,L,C,L,G,H,H,A,V,P,N,G,T,L,V,K,T,I,T,N,D,Q,I,E,V,T,N,A,T,E,L,V,Q,S,S,S,T,G,R,I,C,D,S,P,H,R,I,L,D,G,K,N,C,T,L,I,D,A,L,L,G,D,P,H,C,D,G,F,Q,N,E,K,W,D,L,F,V,E,R,S,K,A,Y,S,N,C,Y,P,Y,D,V,P,D,Y,A,S,L,R,S,L,V,A,S,S,G,T,L,E,F,I,N,E,D,F,N,W,T,G,V,T,Q,S,G,G,S,Y,A,C,K,R,G,S,V,N,S,F,F,S,R,L,N,W,L,H,E,S,E,Y,K,Y,P,A,L,N,V,T,M,P,N,N,G,K,F,D,K,L,Y,I,W,G,V,H,H,P,S,T,D,R,E,Q,T,N,L,Y,V,R,A,S,G,R,V,T,V,S,T,K,R,S,Q,Q,T,V,I,P,N,I,G,S,R,P,W,V,R,G,L,S,S,R,I,S,I,Y,W,T,I,V,K,P,G,D,I,L,L,I,N,S,T,G,N,L,I,A,P,R,G,Y,F,K,I,R,T,G,K,S,S,I,M,R,S,D,A,P,I,G,T,C,S,S,E,C,I,T,P,N,G,S,I,P,N,D,K,P,F,Q,N,V,N,K,I,T,Y,G,A,C,P,R,Y,V,K,Q,N,T,L,K,L,A,T,G,M,R,N,V,P,E,K,Q,T
NL/450/88,Q,K,L,P,G,N,D,N,S,T,A,T,L,C,L,G,H,H,A,V,P,N,G,T,L,V,K,T,I,T,N,D,Q,I,E,V,T,N,A,T,E,L,V,Q,S,S,S,T,G,R,I,C,D,S,P,H,R,I,L,D,G,K,N,C,T,L,I,D,A,L,L,G,D,P,H,C,D,G,F,Q,N,E,K,W,D,L,F,V,E,R,S,K,A,F,S,N,C,Y,P,Y,D,V,P,D,Y,A,S,L,R,S,L,V,A,S,S,G,T,L,E,F,I,N,E,E,F,N,W,T,G,V,T,Q,S,G,G,S,Y,A,C,K,R,G,S,V,N,S,F,F,S,R,L,N,W,L,H,E,S,E,Y,K,Y,P,A,L,N,V,T,M,P,N,N,G,R,F,D,K,L,Y,I,W,G,V,H,H,P,S,T,D,R,E,Q,T,N,L,Y,V,R,A,S,G,R,V,T,V,S,T,K,R,S,Q,Q,T,V,I,P,N,I,G,P,R,P,W,V,R,G,L,S,S,R,I,S,I,Y,W,T,I,V,K,P,G,D,I,L,L,I,N,S,T,G,N,L,I,A,P,R,G,Y,F,K,I,H,T,G,K,S,S,I,M,R,S,D,A,P,I,G,T,C,S,S,E,C,I,T,P,N,G,S,I,P,N,D,K,P,F,Q,N,V,N,K,I,T,Y,G,A,C,P,R,Y,V,K,Q,N,T,L,K,L,A,T,G,M,R,N,V,P,D,K,Q,T
BE/353/89,Q,K,L,P,G,N,D,N,S,T,A,T,L,C,L,G,H,H,A,V,P,N,G,T,L,V,K,T,I,T,N,D,Q,I,E,V,T,N,A,T,E,L,V,Q,S,S,S,T,G,R,I,C,D,S,P,H,R,I,L,D,G,K,N,C,T,L,I,D,A,L,L,G,D,P,H,C,D,G,F,Q,N,K,E,W,D,L,F,V,E,R,S,K,A,Y,S,N,C,Y,P,Y,D,V,P,D,Y,A,S,L,R,S,L,V,A,S,S,G,T,L,E,F,I,N,E,D,F,N,W,T,G,V,A,Q,S,G,E,S,Y,A,C,K,R,G,S,V,K,S,F,F,S,R,L,N,W,L,H,E,S,E,Y,K,Y,P,A,L,N,V,T,M,P,N,N,G,K,F,D,K,L,Y,I,W,G,V,H,H,P,S,T,D,R,E,Q,T,N,L,Y,V,R,A,S,G,R,V,T,V,S,T,K,R,S,Q,Q,T,V,I,P,N,I,G,S,R,P,W,V,R,G,L,S,S,R,I,S,I,Y,W,T,I,V,K,P,G,D,I,L,L,I,N,S,T,G,N,L,I,A,P,R,G,Y,F,K,I,R,T,G,K,S,S,I,M,R,S,D,A,P,I,G,T,C,S,S,E,C,I,T,P,N,G,S,I,P,N,D,K,P,F,Q,N,V,N,R,I,T,Y,G,A,C,P,R,Y,V,K,Q,N,T,L,K,L,A,T,G,M,R,N,V,P,E,K,Q,T
GU/54/89,Q,K,L,P,G,N,D,N,S,T,A,T,L,C,L,G,H,H,A,V,P,N,G,T,L,V,K,T,I,T,N,D,Q,I,E,V,T,N,A,T,E,L,V,Q,S,S,S,T,G,R,I,C,D,S,P,H,R,I,L,D,G,K,N,C,T,L,I,D,A,L,L,G,D,P,H,C,D,G,F,Q,N,K,E,W,D,L,F,V,E,R,S,K,A,Y,S,N,C,Y,P,Y,D,V,P,D,Y,A,S,L,R,S,L,V,A,S,S,G,T,L,E,F,I,N,E,D,F,N,W,T,G,V,A,Q,S,G,G,S,Y,A,C,K,R,G,S,V,N,S,F,F,S,R,L,N,W,L,H,E,S,E,H,K,Y,P,A,L,N,V,T,M,P,N,N,G,K,F,D,K,L,Y,I,W,G,V,H,H,P,I,T,D,R,E,Q,T,N,L,Y,V,R,A,S,G,R,V,T,V,S,T,K,R,S,Q,Q,T,V,I,P,N,I,G,S,R,P,W,V,R,G,L,S,S,R,I,S,I,Y,W,T,I,V,K,P,G,D,I,L,L,I,N,S,T,G,N,L,I,A,P,R,G,Y,F,K,I,R,T,G,K,S,S,I,M,R,S,D,A,P,I,G,T,C,S,S,E,C,I,T,P,N,G,S,I,P,N,D,K,P,F,Q,N,V,N,R,I,T,Y,G,A,C,P,R,Y,V,K,Q,N,T,L,K,L,A,T,G,M,R,N,V,P,E,K,Q,T
NL/620/89,Q,K,L,P,G,N,D,N,S,T,A,T,L,C,L,G,H,H,A,V,P,N,G,T,L,V,K,T,I,T,N,D,Q,I,E,V,T,N,A,T,E,L,V,Q,S,S,S,T,G,R,I,C,D,S,P,H,R,I,L,D,G,K,N,C,T,L,I,D,A,L,L,G,D,P,H,C,D,G,F,Q,N,K,E,W,D,L,F,V,E,R,S,K,A,Y,S,N,C,Y,P,Y,D,V,P,D,Y,A,S,L,R,S,L,V,A,S,S,G,T,L,E,F,I,N,E,D,F,N,W,T,G,V,A,Q,S,G,G,S,Y,A,C,K,R,G,S,V,N,S,F,F,S,R,L,N,W,L,H,E,S,E,Y,K,Y,P,A,L,N,V,T,M,P,N,N,G,K,F,D,K,L,Y,I,W,G,V,H,H,P,S,T,D,R,E,Q,T,N,L,Y,V,R,A,S,G,R,V,T,V,S,T,K,R,S,Q,Q,T,V,I,P,N,I,G,S,R,P,W,V,R,G,L,S,S,R,I,S,I,Y,W,T,I,V,K,P,G,D,I,L,L,I,N,S,T,G,N,L,I,A,P,R,G,Y,F,K,I,R,T,G,K,S,S,I,M,R,S,D,A,P,I,G,T,C,S,S,E,C,I,T,P,N,G,S,I,P,N,D,K,P,F,Q,N,V,N,R,I,T,Y,G,A,C,P,R,Y,V,K,Q,N,T,L,K,L,A,T,G,M,R,N,V,P,E,K,Q,T
HK/34/90,Q,K,L,P,G,N,D,N,S,T,A,T,L,C,L,G,H,H,A,V,P,N,G,T,L,V,K,T,I,T,N,D,Q,I,E,V,T,N,A,T,E,L,V,Q,S,S,S,T,G,R,I,C,D,S,P,H,R,I,L,D,G,K,N,C,T,L,I,D,A,L,L,G,D,P,H,C,D,G,F,Q,N,K,E,W,D,L,F,V,E,R,S,K,A,Y,S,N,C,Y,P,Y,D,V,P,D,Y,A,S,L,R,S,L,V,A,S,S,G,T,L,E,F,I,N,E,D,F,N,W,T,G,V,A,Q,D,G,G,S,Y,A,C,K,R,G,S,V,N,S,F,F,S,R,L,N,W,L,H,K,S,E,Y,K,Y,P,A,L,N,V,T,M,P,N,N,G,K,V,D,K,L,Y,I,W,G,V,H,H,P,S,T,D,R,D,Q,T,S,L,Y,V,R,A,S,G,R,V,T,V,S,T,K,R,S,Q,Q,T,V,I,P,N,I,G,S,R,P,W,V,R,G,Q,S,S,R,I,S,I,Y,W,T,I,V,K,P,G,D,I,L,L,I,N,S,T,G,N,L,I,A,P,R,G,Y,F,K,I,R,N,G,K,S,S,I,M,R,S,D,A,P,I,G,T,C,S,S,E,C,I,T,P,N,G,S,I,P,N,D,K,P,F,Q,N,V,N,R,I,T,Y,G,A,C,P,R,Y,V,K,Q,N,T,L,K,L,A,T,G,M,R,N,V,P,E,K,Q,T
VI/2/90,Q,K,L,P,G,N,D,N,S,T,A,T,L,C,L,G,H,H,A,V,P,N,G,T,L,V,K,T,I,T,N,D,Q,I,E,V,T,N,A,T,E,L,V,Q,S,S,S,T,G,R,I,C,D,S,P,H,R,I,L,D,G,K,N,C,T,L,I,D,A,L,L,G,D,P,H,C,D,G,F,Q,N,K,E,W,D,L,F,I,E,R,S,K,A,Y,S,N,C,Y,P,Y,D,V,P,D,Y,A,S,L,R,S,L,V,A,S,S,G,T,L,E,F,I,N,E,D,F,N,W,T,G,V,A,Q,S,G,E,S,Y,A,C,K,R,G,S,V,K,S,F,F,S,R,L,N,W,L,H,E,S,E,Y,K,Y,P,A,L,N,V,T,M,P,N,N,G,K,F,D,K,L,Y,I,W,G,V,H,H,P,S,T,D,R,E,Q,T,S,L,Y,V,R,A,S,G,R,V,T,V,S,T,K,R,S,Q,Q,T,V,I,P,N,I,G,S,R,P,W,V,R,G,L,S,S,R,I,S,I,Y,W,T,I,V,K,P,G,D,I,L,L,I,N,S,T,G,N,L,I,A,P,R,G,Y,F,K,I,R,T,G,K,S,S,I,M,R,S,D,A,P,I,G,T,C,S,S,E,C,I,T,P,N,G,S,I,P,N,D,K,P,F,Q,N,V,N,R,I,T,Y,G,A,C,P,R,Y,V,K,Q,N,T,L,K,L,A,T,G,M,R,N,V,P,E,K,Q,T
LY/1149/91,Q,K,L,P,G,N,D,N,S,T,A,T,L,C,L,G,H,H,A,V,P,N,G,T,L,V,K,T,I,T,N,D,Q,I,E,V,T,N,A,T,E,L,V,Q,S,S,S,T,G,R,I,C,D,S,P,H,R,I,L,D,G,K,N,C,T,L,I,D,A,L,L,G,D,P,H,C,D,G,F,Q,N,K,E,W,D,L,F,V,E,R,S,K,A,Y,S,N,C,Y,P,Y,D,V,P,D,Y,A,S,L,R,S,L,V,A,S,S,G,T,L,E,F,T,N,E,D,F,N,W,T,G,V,A,Q,S,G,E,S,Y,A,C,K,R,G,S,V,K,S,F,F,S,R,L,N,W,L,H,E,S,D,Y,K,Y,P,A,L,N,V,T,M,P,N,N,G,K,F,D,K,L,Y,I,W,G,V,H,H,P,S,T,D,R,E,Q,T,S,L,Y,V,R,A,S,G,R,V,T,V,S,T,K,R,S,Q,Q,T,V,I,P,N,I,G,S,R,P,W,V,R,G,L,S,S,R,I,S,I,Y,W,T,I,V,K,P,G,D,I,L,L,I,N,S,T,G,N,L,I,A,P,R,G,Y,F,K,I,R,T,G,K,S,S,I,M,R,S,D,A,P,I,G,T,C,S,S,E,C,I,T,P,N,G,S,I,P,N,D,K,P,F,Q,N,V,N,R,I,T,Y,G,A,C,P,R,Y,V,K,Q,N,T,L,K,L,A,T,G,M,R,N,V,P,E,K,Q,T
BE/32A/92,Q,K,L,P,G,N,D,N,S,T,A,T,L,C,L,G,H,H,A,V,P,N,G,T,L,V,K,T,I,T,N,D,Q,I,E,V,T,N,A,T,E,L,V,Q,S,S,S,T,G,R,I,C,D,S,P,H,R,I,L,D,G,K,N,C,T,L,I,D,A,L,L,G,D,P,H,C,D,G,F,Q,N,K,E,W,D,L,F,V,E,R,S,K,A,Y,S,N,C,Y,P,Y,D,V,P,D,Y,A,S,L,R,S,L,V,A,S,S,G,T,L,E,F,I,N,E,D,F,N,W,T,G,V,A,Q,D,G,G,S,Y,A,C,K,R,G,S,V,N,S,F,F,S,R,L,N,W,L,H,K,S,E,Y,K,Y,P,A,L,N,V,T,M,P,N,N,G,K,F,D,K,L,Y,I,W,G,V,H,H,P,S,T,D,R,D,Q,T,S,L,Y,V,R,A,S,G,R,V,T,V,S,T,K,R,S,Q,Q,T,V,T,P,N,I,G,S,R,P,W,V,R,G,Q,S,S,R,I,S,I,Y,W,T,I,V,K,P,G,D,I,L,L,I,N,S,T,G,N,L,I,A,P,R,G,Y,F,K,I,R,N,G,K,S,S,I,M,R,S,D,A,P,I,G,T,C,S,S,E,C,I,T,P,N,G,S,I,P,N,D,K,P,F,Q,N,V,N,R,I,T,Y,G,A,C,P,R,Y,V,K,Q,N,T,L,K,L,A,T,G,M,R,N,V,P,E,K,Q,T
BE/32V/92,Q,K,L,P,G,N,D,N,S,T,A,T,L,C,L,G,H,H,A,V,P,N,G,T,L,V,K,T,I,T,N,D,Q,I,E,V,T,N,A,T,E,L,V,Q,S,S,S,T,G,R,I,C,D,S,P,H,R,I,L,D,G,K,N,C,T,L,I,D,A,L,L,G,D,P,H,C,D,G,F,Q,N,K,E,W,D,L,F,V,E,R,S,K,A,Y,S,N,C,Y,P,Y,D,V,P,D,Y,A,S,L,R,S,L,V,A,S,S,G,T,L,E,F,I,N,E,D,F,N,W,T,G,V,A,Q,D,G,G,S,Y,A,C,K,R,G,S,V,N,S,F,F,S,R,L,N,W,L,H,K,S,E,Y,K,Y,P,A,L,N,V,T,M,P,N,N,G,K,F,D,K,L,Y,I,W,G,V,H,H,P,S,T,D,R,D,Q,T,S,L,Y,V,R,A,S,G,R,V,T,V,S,T,K,R,S,Q,Q,T,V,T,P,N,I,G,S,R,P,W,V,R,G,Q,S,S,R,I,S,I,Y,W,T,I,V,K,P,G,D,I,L,L,I,N,S,T,G,N,L,I,A,P,R,G,Y,F,K,I,R,N,G,K,S,S,I,M,R,S,D,A,P,I,G,T,C,S,S,E,C,I,T,P,N,G,S,I,P,N,D,K,P,F,Q,N,V,N,R,I,T,Y,G,A,C,P,R,Y,V,K,Q,N,T,L,K,L,A,T,G,M,R,N,V,P,E,K,Q,T
BE/32B/92,Q,K,L,P,G,N,D,N,S,T,A,T,L,C,L,G,H,H,A,V,P,N,G,T,L,V,K,T,I,T,N,D,Q,I,E,V,T,N,A,T,E,L,V,Q,S,S,S,T,G,R,I,C,D,S,P,H,R,I,L,D,G,K,N,C,T,L,I,D,A,L,L,G,D,P,H,C,D,G,F,Q,N,K,E,W,D,L,F,V,E,R,S,K,A,Y,S,N,C,Y,P,Y,D,V,P,D,Y,A,S,L,R,S,L,V,A,S,S,G,T,L,E,F,I,N,E,D,F,N,W,T,G,V,A,Q,D,G,G,S,Y,A,C,K,R,G,S,V,N,S,F,F,S,R,L,N,W,L,H,K,S,E,Y,K,Y,P,A,L,N,V,T,M,P,N,N,G,K,F,D,K,L,Y,I,W,G,V,H,H,P,S,T,D,R,D,Q,T,S,L,Y,V,R,A,S,G,R,V,T,V,S,T,K,R,S,Q,Q,T,V,T,P,N,I,G,S,R,P,W,V,R,G,Q,S,S,R,I,S,I,Y,W,T,I,V,K,P,G,D,I,L,L,I,N,S,T,G,N,L,I,A,P,R,G,Y,F,K,I,R,N,G,K,S,S,I,M,R,S,D,A,P,I,G,T,C,S,S,E,C,I,T,P,N,G,S,I,P,N,D,K,P,F,Q,N,V,N,R,I,T,Y,G,A,C,P,R,Y,V,K,Q,N,T,L,K,L,A,T,G,M,R,N,V,P,E,K,Q,T
GD/25/93,Q,K,L,P,G,N,D,N,S,T,A,T,L,C,L,G,H,H,A,V,P,N,G,T,L,V,K,T,I,T,N,D,Q,I,E,V,T,N,A,T,E,L,V,Q,S,S,S,T,G,R,I,C,D,S,P,H,R,I,L,D,G,K,N,C,T,L,I,D,A,L,L,G,D,P,H,C,D,G,F,Q,N,K,E,W,D,L,F,V,E,R,S,E,A,Y,S,S,C,Y,P,Y,D,V,P,D,Y,A,S,L,R,S,L,V,A,S,S,G,T,L,E,F,I,N,E,D,F,N,W,T,G,V,A,Q,D,G,K,S,Y,A,C,K,R,G,S,V,N,S,F,F,S,R,L,N,W,L,H,K,L,E,Y,K,Y,P,A,L,N,V,T,M,P,N,N,G,K,F,D,K,L,Y,I,W,G,F,H,H,P,S,T,D,S,D,Q,T,S,L,Y,V,R,A,S,G,R,V,T,V,S,T,K,R,S,Q,Q,T,V,I,P,N,I,G,S,R,P,W,V,R,G,Q,S,S,R,I,S,I,Y,W,T,I,V,K,P,G,D,I,L,L,I,N,S,T,G,N,L,I,A,P,R,G,Y,F,K,I,R,N,G,K,S,S,I,M,R,S,D,A,P,I,G,N,C,S,S,E,C,I,T,P,N,G,S,I,P,N,D,K,P,F,Q,N,V,N,K,I,T,Y,G,A,C,P,R,Y,V,K,Q,N,T,L,K,L,A,T,G,M,R,N,V,P,E,K,Q,T
MA/G252/93,Q,K,L,P,G,N,D,N,S,T,A,T,L,C,L,G,H,H,A,V,P,N,G,T,L,V,K,T,I,T,N,D,Q,I,E,V,T,N,A,T,E,L,V,Q,S,S,S,T,G,R,I,C,D,S,P,H,R,I,L,D,G,K,N,C,T,L,I,D,A,L,L,G,D,P,H,C,D,G,F,Q,N,K,E,W,D,L,F,V,E,R,S,K,A,Y,S,N,C,Y,P,Y,D,V,P,D,Y,A,S,L,R,S,L,V,A,S,S,G,T,L,E,F,I,N,E,D,F,N,W,T,G,V,A,Q,D,G,K,S,Y,A,C,K,R,G,S,V,K,S,F,F,S,R,L,N,W,L,H,K,L,E,Y,K,Y,P,A,L,N,V,T,M,P,N,N,G,K,F,D,K,L,Y,I,W,G,V,H,H,P,S,T,D,S,D,Q,T,S,L,Y,V,R,A,S,G,R,V,T,V,S,T,K,K,S,Q,Q,T,V,I,P,N,I,G,S,R,P,W,V,R,G,Q,S,S,R,I,S,I,Y,W,T,I,V,K,P,G,D,I,L,L,I,N,S,T,G,N,L,I,A,P,R,G,Y,F,K,I,R,N,G,K,S,S,I,M,R,S,D,A,P,I,G,N,C,S,S,E,C,I,T,P,N,G,S,I,P,N,D,K,P,F,Q,N,V,N,R,I,T,Y,G,A,C,P,R,Y,V,K,Q,N,T,L,K,L,A,T,G,M,R,N,V,P,E,K,Q,T
OS/2352/93,Q,K,I,P,G,N,D,N,S,T,A,T,L,C,L,G,H,H,A,V,P,N,G,T,L,V,K,T,I,T,N,D,Q,I,E,V,T,N,A,T,E,L,V,Q,S,S,S,T,G,R,I,C,D,S,P,H,R,I,L,D,G,K,N,C,T,L,I,D,A,L,L,G,D,P,N,C,D,G,F,Q,N,K,E,W,D,L,F,V,E,R,S,K,A,Y,S,N,C,Y,P,Y,D,V,P,D,Y,A,S,L,R,S,L,V,A,S,S,G,T,L,E,F,T,N,E,D,F,N,W,T,G,V,A,Q,D,G,E,S,Y,S,C,K,R,G,S,V,N,S,F,F,S,R,L,N,W,L,H,K,L,E,Y,K,Y,P,A,L,N,V,T,M,P,N,N,G,K,F,D,K,L,Y,I,W,G,V,H,H,P,S,T,D,S,D,Q,T,S,L,Y,V,R,A,S,G,R,V,T,V,S,T,K,R,S,Q,Q,T,V,T,P,N,I,G,S,R,P,W,V,R,G,L,S,S,R,I,S,I,Y,W,T,I,V,K,P,G,D,I,L,L,I,N,S,T,G,N,L,I,A,P,R,G,Y,F,K,I,R,N,G,K,S,S,I,M,R,S,D,A,P,I,G,T,C,S,S,E,C,I,T,P,N,G,S,I,P,N,D,K,P,F,Q,N,V,N,R,I,T,Y,G,A,C,P,R,Y,V,K,Q,N,T,L,K,L,A,T,G,M,R,N,V,P,E,K,Q,T
SD/9/93,Q,K,L,P,G,N,D,N,S,T,A,T,L,C,L,G,H,H,A,V,P,N,G,T,L,V,K,T,I,T,N,D,Q,I,E,V,T,N,A,T,E,L,V,Q,S,S,S,T,G,R,I,C,G,S,P,H,R,I,L,D,G,K,N,C,T,L,I,D,A,L,L,G,D,P,H,C,D,G,F,Q,N,K,E,W,D,L,F,V,E,R,S,K,A,Y,S,N,C,Y,P,Y,D,V,P,D,Y,A,S,L,R,S,L,V,A,S,S,G,T,L,E,F,I,N,E,D,F,N,W,T,G,V,A,Q,D,G,G,S,Y,A,C,K,R,G,S,V,N,S,F,F,S,R,L,N,W,L,H,K,L,E,Y,K,Y,P,A,L,N,V,T,M,P,N,N,G,K,F,D,K,L,Y,I,W,G,V,H,H,P,S,T,D,S,D,Q,T,S,L,Y,V,R,A,S,G,R,V,T,V,S,T,K,R,S,Q,Q,T,V,T,P,N,I,G,S,R,P,W,V,R,G,Q,S,S,R,I,S,I,Y,W,T,I,V,K,P,G,D,I,L,L,I,N,S,T,G,N,L,I,A,P,R,G,Y,F,K,I,R,N,G,K,S,S,I,M,R,S,D,A,P,I,G,N,C,S,S,E,C,I,T,P,N,G,S,I,P,N,D,K,P,F,Q,N,V,N,R,I,T,Y,G,A,C,P,R,Y,V,K,Q,N,T,L,K,L,A,T,G,M,R,N,V,P,E,K,Q,T
JO/33/94,Q,K,L,P,G,N,D,N,S,T,A,T,L,C,L,G,H,H,A,V,P,N,G,T,L,V,K,T,I,T,N,D,Q,I,E,V,T,N,A,T,E,L,V,Q,S,S,P,T,G,R,I,C,D,S,P,H,R,I,L,D,G,K,N,C,T,L,I,D,A,L,L,G,D,P,H,C,D,G,F,Q,N,K,E,W,D,L,F,V,E,R,S,K,A,Y,S,N,C,Y,P,Y,D,V,P,D,Y,A,S,L,R,S,L,V,A,S,S,G,T,L,E,F,I,N,E,N,F,N,W,T,G,V,A,Q,D,G,K,S,Y,A,C,K,R,G,S,V,N,S,F,F,S,R,L,N,W,L,H,K,L,E,Y,K,Y,P,A,L,N,V,T,M,P,N,N,G,K,F,D,K,L,Y,I,W,G,V,H,H,P,S,T,D,S,D,Q,T,S,L,Y,V,R,A,S,G,R,V,T,V,S,T,K,R,S,Q,Q,T,V,I,P,D,I,G,Y,R,P,W,V,R,G,Q,S,S,R,I,S,I,Y,W,T,I,V,K,P,G,D,I,L,L,I,N,S,T,G,N,L,I,A,P,R,G,Y,F,K,I,R,N,G,K,S,S,I,M,R,S,D,A,P,I,G,N,C,S,S,E,C,I,T,P,N,G,S,I,P,N,D,K,P,F,Q,N,V,N,R,I,T,Y,G,A,C,P,R,Y,V,K,Q,N,T,L,K,L,A,T,G,M,R,N,V,P,E,K,Q,T
NL/18/94,Q,K,L,P,G,N,D,N,S,T,A,T,L,C,L,G,H,H,A,V,P,N,G,T,L,V,K,T,I,T,N,D,Q,I,E,V,T,N,A,T,E,L,V,Q,S,S,S,T,G,R,I,C,D,S,P,H,R,I,L,D,G,K,N,C,T,L,I,D,A,L,L,G,D,P,H,C,D,G,F,Q,N,K,E,W,D,L,F,V,E,R,S,K,A,Y,S,N,C,Y,P,Y,D,V,P,D,Y,A,S,L,R,S,L,V,A,S,S,G,T,L,E,F,I,N,E,D,F,N,W,T,G,V,A,Q,D,G,K,S,Y,A,C,K,R,G,S,V,N,S,F,F,S,R,L,N,W,L,H,K,L,E,Y,K,Y,P,A,L,N,V,T,M,P,N,N,G,K,F,D,K,L,Y,I,W,G,V,H,H,P,S,T,D,S,D,Q,T,S,L,Y,V,R,A,S,G,R,V,T,V,S,T,K,R,S,Q,Q,T,V,I,P,N,I,G,F,R,P,W,V,R,G,L,S,S,R,I,S,I,Y,W,T,I,V,K,P,G,D,I,L,L,I,N,S,T,G,N,L,I,A,P,R,G,Y,F,K,I,R,N,G,K,S,S,I,M,R,S,D,A,P,I,G,N,C,S,S,E,C,I,T,P,N,G,S,I,P,N,D,K,P,F,Q,N,V,N,R,I,T,Y,G,A,C,P,R,Y,V,K,Q,N,T,L,K,L,A,T,G,M,R,N,I,P,E,K,Q,T
PR/413/94,-,-,-,-,-,-,-,-,-,-,-,-,-,-,-,-,-,-,-,-,-,-,-,-,-,-,-,-,-,-,-,-,-,-,-,-,-,-,-,-,-,-,-,-,-,-,-,-,-,-,-,-,-,-,-,-,-,-,-,-,-,-,-,-,-,-,-,-,-,-,-,-,-,-,-,-,-,-,-,-,-,-,-,-,-,-,-,-,-,-,-,-,-,-,-,-,-,-,-,-,-,-,-,-,-,-,-,-,-,-,-,-,-,-,-,-,-,-,-,-,-,-,-,-,-,-,-,-,-,-,-,-,-,-,-,-,-,-,-,-,-,-,-,-,-,-,-,-,-,-,-,-,-,-,-,-,-,-,-,-,-,-,-,-,-,-,-,-,-,-,-,-,-,-,-,-,-,-,-,-,-,-,-,-,-,-,-,-,-,-,-,-,-,-,-,-,-,-,-,-,-,-,-,-,-,-,-,-,-,-,-,-,-,-,-,-,-,-,-,-,-,-,-,-,-,-,-,-,-,-,-,-,-,-,-,-,-,-,-,-,-,-,-,-,-,-,-,-,-,-,-,-,-,-,-,-,-,-,-,-,-,-,-,-,-,-,-,-,-,-,-,-,-,-,-,-,-,-,-,-,-,-,-,-,-,-,-,-,-,-,-,-,-,-,-,-,-,-,-,-,-,-,-,-,-,-,-,-,-,-,-,-,-,-,-,-,-,-,-,-,-,-,-,-,-,-,-,-
FI/338/95,Q,K,L,P,G,N,D,N,S,T,A,T,L,C,L,G,H,H,A,V,P,N,G,T,L,V,K,T,I,T,N,D,Q,I,E,V,T,N,A,T,E,L,V,Q,S,S,S,T,G,R,I,C,D,S,P,H,R,I,L,D,G,K,N,C,T,L,I,D,A,L,L,G,D,P,H,C,D,G,F,Q,N,K,E,W,D,L,F,V,E,R,S,K,A,Y,S,N,C,Y,P,Y,D,V,P,D,Y,A,S,L,R,S,L,V,A,S,S,G,T,L,E,F,T,K,E,G,F,N,W,T,G,V,A,Q,D,G,E,S,Y,A,C,K,R,G,S,V,K,S,F,F,S,R,L,N,W,L,H,K,L,E,Y,K,Y,P,A,L,N,V,T,M,P,N,N,D,K,F,D,K,L,Y,I,W,G,V,H,H,P,S,T,D,S,D,Q,T,S,L,Y,V,Q,A,S,G,R,V,T,V,S,T,K,R,S,Q,Q,T,V,I,P,N,I,G,S,R,P,W,V,R,G,I,S,S,R,I,S,I,Y,W,T,I,V,K,P,G,D,I,L,L,I,N,S,T,G,N,L,I,A,P,R,G,Y,F,K,I,R,N,G,K,S,S,I,M,R,S,D,A,P,I,G,N,C,N,S,E,C,I,T,P,D,G,S,I,P,N,D,K,P,F,Q,N,V,N,R,I,T,Y,G,A,C,P,R,Y,V,K,Q,N,T,L,K,L,A,T,G,M,R,N,V,P,E,K,Q,T
GE/A9509/95,Q,K,L,P,G,N,D,N,S,T,A,T,L,C,L,G,H,H,A,V,P,N,G,T,L,V,K,T,I,T,N,D,Q,I,E,V,T,N,A,T,E,L,V,Q,S,S,S,T,G,R,I,C,D,S,P,H,R,I,L,D,G,K,N,C,T,L,I,D,A,L,L,G,D,P,H,C,D,G,F,Q,N,K,E,W,D,L,F,V,E,R,S,K,A,Y,S,N,C,Y,P,Y,D,V,P,D,Y,A,S,L,R,S,L,V,A,S,S,G,T,L,E,F,T,K,E,G,F,N,W,T,G,V,A,Q,D,G,K,S,Y,A,C,K,R,G,S,V,N,S,F,F,S,R,L,N,W,L,H,K,L,E,Y,K,Y,P,A,L,N,V,T,M,P,N,N,D,K,F,D,K,L,Y,I,W,G,V,H,H,P,S,T,D,S,D,Q,T,S,L,Y,V,Q,A,S,G,R,V,T,V,S,T,K,R,S,Q,Q,T,V,I,P,N,I,G,S,R,P,W,V,R,G,I,S,S,R,I,S,I,Y,W,T,I,V,K,P,G,D,I,L,L,I,N,S,T,G,N,L,I,A,P,R,G,Y,F,K,I,R,N,G,K,S,S,I,M,R,S,D,A,P,I,G,N,C,N,S,E,C,I,T,P,N,G,S,I,P,N,D,K,P,F,Q,N,V,N,R,I,T,Y,G,A,C,P,R,Y,V,K,Q,N,T,L,K,L,A,T,G,M,R,N,V,P,E,K,Q,T
LY/2279/95,Q,K,L,P,G,N,D,N,S,T,A,T,L,C,L,G,H,H,A,V,P,N,G,T,L,V,K,T,I,T,N,D,Q,I,E,V,T,N,A,T,E,L,V,Q,S,S,S,T,G,R,I,C,D,S,P,H,R,I,L,D,G,K,N,C,T,L,I,D,A,L,L,G,D,P,H,C,D,G,F,Q,N,K,E,W,D,L,F,V,E,R,S,K,A,Y,S,N,C,Y,P,Y,D,V,P,D,Y,A,S,L,R,S,L,V,A,S,S,G,T,L,E,F,T,N,E,G,F,N,W,T,G,V,A,Q,D,G,K,S,Y,A,C,K,R,G,S,V,K,S,F,F,S,R,L,N,W,L,H,K,L,E,Y,K,Y,P,A,L,N,V,T,M,P,N,N,D,K,F,D,K,L,Y,I,W,G,V,H,H,P,S,T,D,S,D,Q,T,S,L,Y,V,Q,A,S,G,R,V,T,V,S,T,K,R,S,Q,Q,T,V,I,P,N,I,G,S,R,P,W,V,R,G,I,S,S,R,I,S,I,Y,W,T,I,V,K,P,G,D,I,L,L,I,N,S,T,G,N,L,I,A,P,R,G,Y,F,K,I,R,N,G,K,S,S,I,M,R,S,D,A,P,I,D,N,C,N,S,E,C,I,T,P,N,G,S,I,P,N,D,K,P,F,Q,N,V,N,R,I,T,Y,G,A,C,P,R,Y,V,K,Q,N,T,L,K,L,A,T,G,M,R,N,V,P,E,K,Q,T
NA/933/95,Q,K,L,P,G,N,D,N,S,T,A,T,L,C,L,G,H,H,A,V,P,N,G,T,L,V,K,T,I,T,N,D,Q,I,E,V,T,N,A,T,E,L,V,Q,S,S,S,T,G,R,I,C,D,S,P,H,R,I,L,D,G,K,N,C,T,L,I,D,A,L,L,G,D,P,H,C,D,G,F,Q,N,K,E,W,D,L,F,V,E,R,S,K,A,Y,S,N,C,Y,P,Y,D,V,P,D,Y,A,S,L,R,S,L,V,A,S,S,G,T,L,E,F,T,N,E,G,F,N,W,T,G,V,A,Q,D,G,T,S,Y,A,C,K,R,G,S,V,K,S,F,F,S,R,L,N,W,L,H,K,L,E,Y,K,Y,P,A,L,N,V,T,M,P,N,N,D,K,F,D,K,L,Y,I,W,G,V,H,H,P,S,T,D,S,V,Q,T,S,L,Y,V,Q,A,S,G,R,V,T,V,S,T,K,R,S,Q,Q,T,V,I,P,N,I,G,S,R,P,W,V,R,G,I,S,S,R,I,S,I,Y,W,T,I,V,K,P,G,D,I,L,L,I,N,S,T,G,N,L,I,A,P,R,G,Y,F,K,I,R,S,G,K,S,S,I,M,R,S,D,A,P,I,G,N,C,N,S,E,C,I,T,P,N,G,S,I,P,N,D,K,P,F,Q,N,V,N,R,I,T,Y,G,A,C,P,R,Y,V,K,Q,N,T,L,K,L,A,T,G,M,R,N,V,P,E,K,Q,T
NL/1/95,Q,K,L,P,G,N,D,N,S,T,A,T,L,C,L,G,H,H,A,V,P,N,G,T,L,V,K,T,I,T,N,D,Q,I,E,V,T,N,A,T,E,L,V,Q,S,S,P,T,G,R,I,C,D,S,P,H,R,I,L,D,G,K,N,C,T,L,I,D,A,L,L,G,D,P,H,C,D,G,F,Q,N,K,E,W,D,L,F,V,E,R,S,K,A,Y,S,N,C,Y,P,Y,D,V,P,D,Y,A,S,L,R,S,L,V,A,S,S,G,T,L,E,F,T,N,E,N,F,N,W,T,G,V,A,Q,D,G,K,S,Y,A,C,K,R,G,S,V,N,S,F,F,S,R,L,N,W,L,H,K,L,D,Y,K,Y,P,A,L,N,V,T,M,P,N,N,G,K,F,D,K,L,Y,I,W,G,V,H,H,P,S,T,D,S,D,Q,T,S,L,Y,V,R,A,S,G,K,V,T,V,S,T,K,R,S,Q,Q,T,V,I,P,D,I,G,Y,R,P,W,V,R,G,L,S,S,R,I,S,I,Y,W,T,I,V,K,P,G,D,I,L,L,I,N,S,T,G,N,L,I,A,P,R,G,Y,F,K,I,R,N,G,K,S,S,I,M,R,S,D,A,P,I,G,N,C,S,S,E,C,I,T,P,N,G,S,I,P,N,D,K,P,F,Q,N,V,N,R,I,T,Y,G,A,C,P,R,Y,V,K,Q,N,T,L,K,L,A,T,G,M,R,N,V,P,E,K,Q,T
NL/47/95,-,-,-,-,-,-,-,-,-,-,-,-,-,-,-,-,-,-,-,-,-,-,-,-,-,-,-,-,-,-,-,-,-,-,-,-,-,-,-,-,-,-,-,-,-,-,-,-,-,-,-,-,-,-,-,-,-,-,-,-,-,-,-,-,-,-,-,-,-,-,-,-,-,-,-,-,-,-,-,-,-,-,-,-,-,-,-,-,-,-,-,-,-,-,-,-,-,-,-,-,-,-,-,-,-,-,-,-,-,-,-,-,-,-,-,-,-,-,-,-,-,-,-,-,-,-,-,-,-,-,-,-,-,-,-,-,-,-,-,-,-,-,-,-,-,-,-,-,-,-,-,-,-,-,-,-,-,-,-,-,-,-,-,-,-,-,-,-,-,-,-,-,-,-,-,-,-,-,-,-,-,-,-,-,-,-,-,-,-,-,-,-,-,-,-,-,-,-,-,-,-,-,-,-,-,-,-,-,-,-,-,-,-,-,-,-,-,-,-,-,-,-,-,-,-,-,-,-,-,-,-,-,-,-,-,-,-,-,-,-,-,-,-,-,-,-,-,-,-,-,-,-,-,-,-,-,-,-,-,-,-,-,-,-,-,-,-,-,-,-,-,-,-,-,-,-,-,-,-,-,-,-,-,-,-,-,-,-,-,-,-,-,-,-,-,-,-,-,-,-,-,-,-,-,-,-,-,-,-,-,-,-,-,-,-,-,-,-,-,-,-,-,-,-,-,-,-,-
NL/218/95,-,-,-,-,-,-,-,-,-,-,-,-,-,-,-,-,-,-,-,-,-,-,-,-,-,-,-,-,-,-,-,-,-,-,-,-,-,-,-,-,-,-,-,-,-,-,-,-,-,-,-,-,-,-,-,-,-,-,-,-,-,-,-,-,-,-,-,-,-,-,-,-,-,-,-,-,-,-,-,-,-,-,-,-,-,-,-,-,-,-,-,-,-,-,-,-,-,-,-,-,-,-,-,-,-,-,-,-,-,-,-,-,-,-,-,-,-,-,-,-,-,-,-,-,-,-,-,-,-,-,-,-,-,-,-,-,-,-,-,-,-,-,-,-,-,-,-,-,-,-,-,-,-,-,-,-,-,-,-,-,-,-,-,-,-,-,-,-,-,-,-,-,-,-,-,-,-,-,-,-,-,-,-,-,-,-,-,-,-,-,-,-,-,-,-,-,-,-,-,-,-,-,-,-,-,-,-,-,-,-,-,-,-,-,-,-,-,-,-,-,-,-,-,-,-,-,-,-,-,-,-,-,-,-,-,-,-,-,-,-,-,-,-,-,-,-,-,-,-,-,-,-,-,-,-,-,-,-,-,-,-,-,-,-,-,-,-,-,-,-,-,-,-,-,-,-,-,-,-,-,-,-,-,-,-,-,-,-,-,-,-,-,-,-,-,-,-,-,-,-,-,-,-,-,-,-,-,-,-,-,-,-,-,-,-,-,-,-,-,-,-,-,-,-,-,-,-,-
WU/359B/95,Q,K,L,P,G,N,D,N,S,T,A,T,L,C,L,G,H,H,A,V,P,N,G,T,L,V,K,T,I,T,N,D,Q,I,E,V,T,N,A,T,E,L,V,Q,S,S,S,T,G,R,I,C,D,S,P,H,R,I,L,D,G,K,N,C,T,L,I,D,A,L,L,G,D,P,H,C,D,G,F,Q,N,K,E,W,D,L,F,V,E,R,S,K,A,Y,S,N,C,Y,P,Y,D,V,P,D,Y,A,S,L,R,S,L,V,A,S,S,G,T,L,E,F,T,N,E,G,F,N,W,T,G,V,A,Q,D,G,T,S,Y,A,C,K,R,G,S,V,K,S,F,F,S,R,L,N,W,L,H,K,L,E,Y,K,Y,P,A,L,N,V,T,M,P,N,N,D,K,F,D,K,L,Y,I,W,G,V,H,H,P,S,T,D,S,D,Q,T,S,I,Y,V,Q,A,S,G,R,V,T,V,S,T,K,R,S,Q,Q,T,V,I,P,N,I,G,S,R,P,W,V,R,G,I,S,S,R,I,S,I,Y,W,T,I,V,K,P,G,D,I,L,L,I,N,S,T,G,N,L,I,A,P,R,G,Y,F,K,I,R,S,G,K,S,S,I,M,R,S,D,A,P,I,G,N,C,N,S,E,C,I,T,P,N,G,S,I,P,N,D,K,P,F,Q,N,V,N,R,I,T,Y,G,A,C,P,R,Y,V,K,Q,N,T,L,K,L,A,T,G,M,R,N,V,P,E,K,Q,T
BR/8/96,Q,K,L,P,G,N,D,N,S,T,A,T,L,C,L,G,H,H,A,V,P,N,G,T,L,V,K,T,I,T,N,D,Q,I,E,V,T,N,A,T,E,L,V,Q,S,S,S,T,G,R,I,C,D,S,P,H,R,I,L,D,G,K,N,C,T,L,I,D,A,L,L,G,D,P,H,C,D,G,F,Q,N,K,E,W,D,L,F,V,E,R,S,K,A,Y,S,D,C,Y,P,Y,D,V,P,D,Y,A,S,L,R,S,L,V,A,S,S,G,T,L,E,F,T,N,E,G,F,N,W,T,G,V,A,Q,D,G,T,S,Y,A,C,K,R,G,S,V,K,S,F,F,S,R,L,N,W,L,H,K,L,E,Y,K,Y,P,A,L,N,V,T,M,P,N,N,D,K,F,D,K,L,Y,I,W,G,V,H,H,P,S,T,D,S,D,Q,T,S,L,Y,V,Q,T,S,G,R,V,T,V,S,T,K,R,S,Q,Q,T,V,I,P,N,I,G,S,R,P,W,V,R,G,V,S,S,G,I,S,I,Y,W,T,I,V,K,P,G,D,I,L,L,I,N,S,T,G,N,L,I,A,P,R,G,Y,F,K,I,R,S,G,K,S,S,I,M,R,S,D,A,P,I,G,N,C,N,S,E,C,I,T,P,N,G,S,I,P,N,D,K,P,F,Q,N,V,N,R,I,T,Y,G,A,C,P,R,Y,V,K,Q,N,T,L,K,L,A,T,G,M,R,N,V,P,E,K,Q,T
NL/172/96,-,-,-,-,-,-,-,-,-,-,-,-,-,-,-,-,-,-,-,-,-,-,-,-,-,-,-,-,-,-,-,-,-,-,-,-,-,-,-,-,-,-,-,-,-,-,-,-,-,-,-,-,-,-,-,-,-,-,-,-,-,-,-,-,-,-,-,-,-,-,-,-,-,-,-,-,-,-,-,-,-,-,-,-,-,-,-,-,-,-,-,-,-,-,-,-,-,-,-,-,-,-,-,-,-,-,-,-,-,-,-,-,-,-,-,-,-,-,-,-,-,-,-,-,-,-,-,-,-,-,-,-,-,-,-,-,-,-,-,-,-,-,-,-,-,-,-,-,-,-,-,-,-,-,-,-,-,-,-,-,-,-,-,-,-,-,-,-,-,-,-,-,-,-,-,-,-,-,-,-,-,-,-,-,-,-,-,-,-,-,-,-,-,-,-,-,-,-,-,-,-,-,-,-,-,-,-,-,-,-,-,-,-,-,-,-,-,-,-,-,-,-,-,-,-,-,-,-,-,-,-,-,-,-,-,-,-,-,-,-,-,-,-,-,-,-,-,-,-,-,-,-,-,-,-,-,-,-,-,-,-,-,-,-,-,-,-,-,-,-,-,-,-,-,-,-,-,-,-,-,-,-,-,-,-,-,-,-,-,-,-,-,-,-,-,-,-,-,-,-,-,-,-,-,-,-,-,-,-,-,-,-,-,-,-,-,-,-,-,-,-,-,-,-,-,-,-,-
SP/1/96,Q,K,L,P,G,N,D,N,S,T,A,T,L,C,L,G,H,H,A,V,P,N,G,T,L,V,K,T,I,T,N,D,Q,I,E,V,T,N,A,T,E,L,V,Q,S,S,S,T,G,I,I,C,D,S,P,H,R,I,L,D,G,K,N,C,T,L,I,D,A,L,L,G,D,P,H,C,D,G,F,Q,N,K,E,W,D,L,F,V,E,R,S,K,A,Y,S,N,C,Y,P,Y,D,V,P,D,Y,A,S,L,R,S,L,V,A,S,S,G,T,L,E,F,T,N,E,G,F,N,W,T,G,V,A,Q,D,G,T,S,Y,A,C,K,R,G,S,V,K,S,F,F,S,R,L,N,W,L,H,K,L,E,Y,K,Y,P,A,L,N,V,T,M,P,N,N,D,K,F,D,K,L,Y,I,W,G,V,H,H,P,S,T,D,S,D,Q,T,S,L,Y,V,Q,A,S,G,R,V,T,V,S,T,R,R,S,Q,Q,T,V,I,P,N,I,G,S,R,P,W,V,R,G,V,S,S,R,I,S,I,Y,W,T,I,V,K,P,G,D,I,L,L,I,N,S,T,G,N,L,I,A,P,R,G,Y,F,K,I,R,S,G,K,S,S,I,M,R,S,D,A,P,I,G,N,C,N,S,E,C,I,T,P,N,G,S,I,P,N,D,K,P,F,Q,N,V,N,R,I,T,Y,G,A,C,P,R,Y,V,K,Q,N,T,L,K,L,A,T,G,M,R,N,V,P,E,K,Q,T
AU/10/97,Q,K,I,P,G,N,D,N,S,T,A,T,L,C,L,G,H,H,A,V,P,N,G,T,L,V,K,T,I,T,N,D,Q,I,E,V,T,N,A,T,E,L,V,Q,S,S,S,T,G,R,I,C,D,S,P,H,R,I,L,D,G,E,N,C,T,L,I,D,A,L,L,G,D,P,H,C,D,G,F,Q,N,K,E,W,D,L,F,V,E,R,S,K,A,Y,S,N,C,Y,P,Y,D,V,P,D,Y,A,S,L,R,S,L,V,A,S,S,G,T,L,E,F,N,N,E,S,F,N,W,T,G,V,A,Q,N,G,T,S,Y,A,C,K,R,R,S,I,K,S,F,F,S,R,L,N,W,L,H,Q,L,K,Y,K,Y,P,A,L,N,V,T,M,P,N,N,D,K,F,D,K,L,Y,I,W,G,V,H,H,P,S,T,D,S,D,Q,T,S,L,Y,A,Q,A,S,G,R,V,T,V,S,T,K,R,S,Q,Q,T,V,I,P,N,I,G,S,R,P,W,V,R,G,V,S,S,R,I,S,I,H,W,T,I,V,K,P,G,D,I,L,L,I,N,S,T,G,N,L,I,A,P,R,G,Y,F,K,I,R,S,G,K,S,S,I,M,R,S,D,A,P,I,G,K,C,N,S,E,C,I,T,P,N,G,S,I,P,N,D,K,P,F,Q,N,V,N,R,I,T,Y,G,A,C,P,R,Y,V,K,Q,N,T,L,K,L,A,T,G,M,R,N,V,P,E,K,Q,T
NL/286/97,-,-,-,-,-,-,-,-,-,-,-,-,-,-,-,-,-,-,-,-,-,-,-,-,-,-,-,-,-,-,-,-,-,-,-,-,-,-,-,-,-,-,-,-,-,-,-,-,-,-,-,-,-,-,-,-,-,-,-,-,-,-,-,-,-,-,-,-,-,-,-,-,-,-,-,-,-,-,-,-,-,-,-,-,-,-,-,-,-,-,-,-,-,-,-,-,-,-,-,-,-,-,-,-,-,-,-,-,-,-,-,-,-,-,-,-,-,-,-,-,-,-,-,-,-,-,-,-,-,-,-,-,-,-,-,-,-,-,-,-,-,-,-,-,-,-,-,-,-,-,-,-,-,-,-,-,-,-,-,-,-,-,-,-,-,-,-,-,-,-,-,-,-,-,-,-,-,-,-,-,-,-,-,-,-,-,-,-,-,-,-,-,-,-,-,-,-,-,-,-,-,-,-,-,-,-,-,-,-,-,-,-,-,-,-,-,-,-,-,-,-,-,-,-,-,-,-,-,-,-,-,-,-,-,-,-,-,-,-,-,-,-,-,-,-,-,-,-,-,-,-,-,-,-,-,-,-,-,-,-,-,-,-,-,-,-,-,-,-,-,-,-,-,-,-,-,-,-,-,-,-,-,-,-,-,-,-,-,-,-,-,-,-,-,-,-,-,-,-,-,-,-,-,-,-,-,-,-,-,-,-,-,-,-,-,-,-,-,-,-,-,-,-,-,-,-,-,-
SY/5A/97,Q,K,I,P,G,N,D,N,S,T,A,T,L,C,L,G,H,H,A,V,P,N,G,T,L,V,K,T,I,T,N,D,Q,I,E,V,T,N,A,T,E,L,V,Q,S,S,S,T,G,R,I,C,D,S,P,H,R,I,L,D,G,E,N,C,T,L,I,D,A,L,L,G,D,P,H,C,D,G,F,Q,N,K,E,W,D,L,F,V,E,R,S,K,A,Y,S,N,C,Y,P,Y,D,V,P,D,Y,A,S,L,R,S,L,V,A,S,S,G,T,L,E,F,N,N,E,S,F,N,W,T,G,V,A,Q,N,G,T,S,Y,A,C,K,R,S,S,I,K,S,F,F,S,R,L,N,W,L,H,Q,L,K,Y,K,Y,P,A,L,N,V,T,M,P,N,N,D,K,F,D,K,L,Y,I,W,G,V,H,H,P,S,T,D,S,D,Q,T,S,I,Y,A,Q,A,S,G,R,V,T,V,S,T,K,R,S,Q,Q,T,V,I,P,N,I,G,S,R,P,W,V,R,G,I,S,S,R,I,S,I,H,W,T,I,V,K,P,G,D,I,L,L,I,N,S,T,G,N,L,I,A,P,R,G,Y,F,K,I,R,S,G,K,S,S,I,M,R,S,D,A,P,I,G,K,C,N,S,E,C,I,T,P,N,G,S,I,P,N,D,K,P,F,Q,N,V,N,R,I,T,Y,G,A,C,P,R,Y,V,K,Q,N,T,L,K,L,A,T,G,M,R,N,V,P,E,K,Q,T
SY/5B/97,Q,K,I,P,G,N,D,N,S,T,A,T,L,C,L,G,H,H,A,V,P,N,G,T,L,V,K,T,I,T,N,D,Q,I,E,V,T,N,A,T,E,L,V,Q,S,S,S,T,G,R,I,C,D,S,P,H,R,I,L,D,G,E,N,C,T,L,I,D,A,L,L,G,D,P,H,C,D,G,F,Q,N,K,E,W,D,L,F,V,E,R,S,K,A,Y,S,N,C,Y,P,Y,D,V,P,D,Y,A,S,L,R,S,L,V,A,S,S,G,T,L,E,F,N,N,E,S,F,N,W,T,G,V,A,Q,N,G,T,S,Y,A,C,K,R,S,S,I,K,S,F,F,S,R,L,N,W,L,H,Q,L,K,Y,K,Y,P,A,L,N,V,T,M,P,N,N,D,K,F,D,K,L,Y,I,W,G,V,H,H,P,S,T,D,S,D,Q,T,S,I,Y,A,Q,A,S,G,R,V,T,V,S,T,K,R,S,Q,Q,T,V,I,P,N,I,G,S,R,P,W,V,R,G,I,S,S,R,I,S,I,H,W,T,I,V,K,P,G,D,I,L,L,I,N,S,T,G,N,L,I,A,P,R,G,Y,F,K,I,R,S,G,K,S,S,I,M,R,S,D,A,P,I,G,K,C,N,S,E,C,I,T,P,N,G,S,I,P,N,D,K,P,F,Q,N,V,N,R,I,T,Y,G,A,C,P,R,Y,V,K,Q,N,T,L,K,L,A,T,G,M,R,N,V,P,E,K,Q,T
SY/5HAY/97,Q,K,I,P,G,N,D,N,S,T,A,T,L,C,L,G,H,H,A,V,P,N,G,T,L,V,K,T,I,T,N,D,Q,I,E,V,T,N,A,T,E,L,V,Q,S,S,S,T,G,R,I,C,D,S,P,H,R,I,L,D,G,E,N,C,T,L,I,D,A,L,L,G,D,P,H,C,D,G,F,Q,N,K,E,W,D,L,F,V,E,R,S,K,A,Y,S,N,C,Y,P,Y,D,V,P,D,Y,A,S,L,R,S,L,V,A,S,S,G,T,L,E,F,N,N,E,S,F,N,W,T,G,V,A,Q,N,G,T,S,Y,A,C,K,R,S,S,I,K,S,F,F,S,R,L,N,W,L,H,Q,L,K,Y,K,Y,P,A,L,N,V,T,M,P,N,N,D,K,F,D,K,L,Y,I,W,G,V,H,H,P,S,T,D,S,D,Q,T,S,I,Y,A,Q,A,S,G,R,V,T,V,S,T,K,R,S,Q,Q,T,V,I,P,N,I,G,S,R,P,W,V,R,G,I,S,S,R,I,S,I,H,W,T,I,V,K,P,G,D,I,L,L,I,N,S,T,G,N,L,I,A,P,R,G,Y,F,K,I,R,S,G,K,S,S,I,M,R,S,D,A,P,I,G,K,C,N,S,E,C,I,T,P,N,G,S,I,P,N,D,K,P,F,Q,N,V,N,R,I,T,Y,G,A,C,P,R,Y,V,K,Q,N,T,L,K,L,A,T,G,M,R,N,V,P,E,K,Q,T
SY/5V/97,Q,K,I,P,G,N,D,N,S,T,A,T,L,C,L,G,H,H,A,V,P,N,G,T,L,V,K,T,I,T,N,D,Q,I,E,V,T,N,A,T,E,L,V,Q,S,S,S,T,G,R,I,C,D,S,P,H,R,I,L,D,G,E,N,C,T,L,I,D,A,L,L,G,D,P,H,C,D,G,F,Q,N,K,E,W,D,L,F,V,E,R,S,K,A,Y,S,N,C,Y,P,Y,D,V,P,D,Y,A,S,L,R,S,L,V,A,S,S,G,T,L,E,F,N,N,E,S,F,N,W,T,G,V,A,Q,N,G,T,S,Y,A,C,K,R,S,S,I,K,S,F,F,S,R,L,N,W,L,H,Q,L,K,Y,K,Y,P,A,L,N,V,T,M,P,N,N,D,K,F,D,K,L,Y,I,W,G,V,H,H,P,S,T,D,S,D,Q,T,S,I,Y,A,Q,A,S,G,R,V,T,V,S,T,K,R,S,Q,Q,T,V,I,P,N,I,G,S,R,P,W,V,R,G,I,S,S,R,I,S,I,H,W,T,I,V,K,P,G,D,I,L,L,I,N,S,T,G,N,L,I,A,P,R,G,Y,F,K,I,R,S,G,K,S,S,I,M,R,S,D,A,P,I,G,K,C,N,S,E,C,I,T,P,N,G,S,I,P,N,D,K,P,F,Q,N,V,N,R,I,T,Y,G,A,C,P,R,Y,V,K,Q,N,T,L,K,L,A,T,G,M,R,N,V,P,E,K,Q,T
NL/5/98,Q,K,L,P,G,N,D,N,S,T,A,T,L,C,L,G,H,H,A,V,P,N,G,T,L,V,K,T,I,T,N,D,Q,I,E,V,T,N,A,T,E,L,V,Q,G,S,S,T,G,R,I,C,D,S,P,H,Q,I,L,D,G,K,N,C,T,L,I,D,A,L,L,G,D,P,H,C,D,G,F,Q,N,K,E,W,D,L,F,V,E,R,S,T,A,Y,S,N,C,Y,P,Y,D,V,P,D,Y,A,S,L,R,S,L,V,A,S,S,G,T,L,E,F,T,K,E,G,F,N,W,T,G,V,A,Q,D,G,T,S,Y,T,C,K,R,G,S,V,K,S,F,F,S,R,L,N,W,L,H,K,L,E,Y,K,Y,P,A,L,N,V,T,M,P,N,N,D,K,F,D,K,L,Y,I,W,G,V,H,H,P,S,T,D,S,D,Q,T,S,L,Y,V,Q,A,S,G,R,V,T,V,S,T,K,R,S,Q,Q,T,V,I,P,N,I,G,S,R,P,W,V,R,G,V,S,S,R,I,S,I,Y,W,T,I,V,K,P,G,D,I,L,L,I,N,S,T,G,N,L,I,A,P,R,G,Y,F,K,I,R,S,G,K,S,S,I,M,R,S,D,A,P,I,D,N,C,N,S,E,C,I,T,P,N,G,S,I,P,N,D,K,P,F,Q,N,V,N,R,I,T,Y,G,A,C,P,R,Y,V,K,Q,N,T,L,K,L,A,T,G,M,R,N,V,P,E,K,Q,T
MW/10/99,Q,K,L,P,G,N,D,N,S,T,A,T,L,C,L,G,H,H,A,V,P,N,G,T,L,V,K,T,I,T,N,D,Q,I,E,V,T,N,A,T,E,L,V,Q,S,S,S,T,G,R,I,C,D,S,P,H,Q,I,L,D,G,E,N,C,T,L,I,D,A,L,L,G,D,P,H,C,D,G,F,Q,N,K,E,W,D,L,F,V,E,R,S,K,A,Y,S,N,C,Y,P,Y,D,V,P,D,Y,A,S,L,R,S,L,V,A,S,S,G,T,L,E,F,N,N,E,S,F,N,W,T,G,V,A,Q,N,G,T,S,S,A,C,K,R,R,S,I,N,S,F,F,S,R,L,N,W,L,H,Q,L,K,Y,R,Y,P,A,L,N,V,T,M,P,N,N,D,K,F,D,K,L,Y,I,W,G,V,H,H,P,S,T,D,S,X,Q,T,S,L,Y,X,Q,A,S,G,R,V,T,V,S,T,K,R,S,Q,Q,T,V,I,P,N,I,G,S,R,P,W,V,R,G,I,S,S,R,I,S,I,Y,W,T,I,V,K,P,G,D,I,L,L,I,N,S,I,G,N,L,I,A,P,R,G,Y,F,K,I,R,S,G,K,S,S,I,M,R,S,D,A,P,I,G,K,C,N,S,E,C,I,T,P,N,G,S,I,P,N,D,K,P,F,Q,N,V,N,R,I,T,Y,G,A,C,P,R,Y,V,K,Q,N,T,L,K,L,A,T,G,M,R,N,V,P,E,K,Q,T
PM/2007/99,Q,K,L,P,G,N,D,N,S,T,A,T,L,C,L,G,H,H,A,V,S,N,G,T,L,V,K,T,I,T,N,D,Q,I,E,V,T,N,A,T,E,L,V,Q,S,S,S,T,G,R,I,C,D,S,P,H,Q,I,L,D,G,E,N,C,T,L,I,D,A,L,L,G,D,P,H,C,D,G,F,Q,N,K,E,W,D,L,F,V,E,R,S,K,A,Y,S,N,C,Y,P,Y,D,V,P,D,Y,A,S,L,R,S,L,V,A,S,S,G,T,L,E,F,N,N,E,S,F,N,W,T,G,V,A,Q,N,G,T,S,S,A,C,K,R,R,S,N,N,S,F,F,S,R,L,N,W,L,H,Q,L,K,Y,K,Y,P,A,L,N,V,T,M,P,N,N,E,K,F,D,K,L,Y,I,W,G,V,H,H,P,S,T,D,S,D,Q,I,S,I,Y,A,Q,A,S,G,R,V,T,V,S,T,K,R,S,Q,Q,T,V,I,P,N,I,G,S,I,P,W,V,R,G,V,S,S,R,I,S,I,Y,W,T,I,V,K,P,G,D,I,L,L,I,N,S,T,G,N,L,I,A,P,R,G,Y,F,K,I,R,S,G,K,S,S,I,M,R,S,D,A,P,I,G,K,C,N,S,E,C,I,T,P,N,G,S,I,P,N,D,K,P,F,Q,N,V,N,R,I,T,Y,G,A,C,P,R,Y,V,K,Q,N,T,L,K,L,A,T,G,M,R,N,V,P,E,K,Q,T
NL/118/01,Q,K,L,P,G,N,D,N,S,T,A,T,L,C,L,G,H,H,A,V,P,N,G,T,L,V,K,T,I,T,N,D,Q,I,E,V,T,N,A,T,E,L,V,Q,S,S,S,T,G,R,I,C,D,S,P,H,Q,I,L,D,G,E,N,C,T,L,I,D,A,L,L,G,D,P,H,C,D,G,F,Q,N,K,E,W,D,L,F,V,E,R,S,K,A,Y,S,N,C,Y,P,Y,D,V,P,D,Y,V,S,L,R,S,L,V,A,S,S,G,T,L,E,F,N,N,E,S,F,N,W,T,G,V,A,Q,N,G,T,S,S,A,C,K,R,R,S,N,K,S,F,F,S,R,L,N,W,L,H,Q,L,K,Y,K,Y,P,A,L,N,V,T,M,P,N,N,E,K,F,D,K,L,Y,I,W,G,V,H,H,P,G,T,D,S,D,Q,I,S,L,Y,A,Q,A,S,G,R,V,T,V,S,T,K,R,G,Q,Q,T,V,I,P,N,I,G,S,R,P,W,V,R,G,V,S,S,G,I,S,I,Y,W,T,I,V,K,P,G,D,I,L,L,I,N,S,T,G,N,L,I,A,P,R,G,Y,F,K,I,R,S,G,K,S,S,I,M,R,S,D,A,P,I,G,K,C,N,S,E,C,I,T,P,N,G,S,I,P,N,D,K,P,F,Q,N,V,N,R,I,T,Y,G,A,C,P,R,Y,V,K,Q,N,T,L,K,L,A,T,G,M,R,N,V,P,E,K,Q,T
NL/124/01,Q,K,L,P,V,N,D,N,S,T,A,T,L,C,L,G,H,H,A,V,P,N,G,T,L,V,K,T,I,T,N,D,N,I,E,V,T,N,A,T,E,L,V,Q,S,S,S,T,G,R,I,C,D,S,P,H,Q,I,L,D,G,E,N,C,T,L,I,D,A,L,L,G,D,P,H,C,D,G,F,Q,N,K,E,W,D,L,F,V,E,R,S,T,A,Y,S,N,C,Y,P,Y,D,V,P,D,Y,A,S,L,R,S,L,V,A,S,S,G,T,L,E,F,N,N,E,S,F,N,W,T,G,V,D,Q,N,G,T,S,S,A,C,K,R,R,S,N,K,S,F,F,S,R,L,N,W,L,H,Q,L,K,Y,K,Y,P,A,L,N,V,T,M,P,N,N,E,K,F,D,K,L,Y,I,W,G,V,H,H,P,S,T,D,S,D,Q,I,S,L,Y,A,Q,A,S,G,R,V,T,V,S,T,K,R,S,Q,Q,T,V,I,P,N,I,G,S,R,P,W,V,R,G,V,S,S,R,I,S,I,Y,W,T,I,V,K,P,G,D,I,L,L,I,N,S,T,G,N,L,I,A,P,R,G,Y,F,K,I,R,S,G,K,S,S,I,M,R,S,N,A,P,I,G,K,C,N,S,E,C,I,T,P,N,G,S,I,P,N,D,K,P,F,Q,N,V,N,R,I,T,Y,G,A,C,P,R,Y,V,K,Q,N,T,L,K,L,A,T,G,M,R,N,V,P,E,K,Q,T
NL/126/01,Q,K,L,P,G,N,D,N,S,T,A,T,L,C,L,G,H,H,A,V,P,N,G,T,L,V,K,T,I,T,N,D,Q,I,E,V,T,N,A,T,E,L,V,Q,S,S,S,T,G,G,I,C,D,S,P,H,Q,I,L,D,G,E,N,C,T,L,I,D,A,L,L,G,D,P,H,C,D,G,F,Q,N,K,E,W,D,L,F,V,E,R,S,K,A,Y,S,N,C,Y,P,Y,D,V,P,D,Y,A,S,L,R,S,L,V,A,S,S,G,T,L,E,F,N,N,E,S,F,N,W,T,G,V,A,Q,N,G,T,S,S,A,C,K,R,R,S,N,K,S,F,F,S,R,L,N,W,L,H,Q,L,K,Y,K,Y,P,A,L,N,V,T,M,P,N,N,E,K,F,D,K,L,Y,I,W,G,V,H,H,P,S,T,D,S,D,Q,I,S,L,Y,A,Q,A,P,G,R,V,T,V,S,T,K,R,S,Q,Q,T,V,I,P,N,I,G,S,R,P,W,V,R,G,V,S,S,R,I,S,I,Y,W,T,I,V,K,P,G,D,I,L,L,I,N,C,T,G,N,L,I,A,P,R,G,Y,F,K,I,R,S,G,K,S,S,I,M,R,S,D,A,S,I,G,K,C,N,S,E,C,I,T,P,N,G,S,I,P,N,D,K,P,F,Q,N,V,N,R,I,T,Y,G,A,C,P,R,Y,V,K,Q,N,T,L,K,L,A,T,G,M,R,N,V,P,E,K,Q,T
FU/411/02,Q,K,L,P,G,N,D,N,S,T,A,T,L,C,L,G,H,H,A,V,P,N,G,T,I,V,K,T,I,T,N,D,Q,I,E,V,T,N,A,T,E,L,V,Q,S,S,S,T,G,G,I,C,D,S,P,H,Q,I,L,D,G,E,N,C,T,L,I,D,A,L,L,G,D,P,Q,C,D,G,F,Q,N,K,K,W,D,L,F,V,E,R,S,K,A,Y,S,N,C,Y,P,Y,D,V,P,D,Y,A,S,L,R,S,L,V,A,S,S,G,T,L,E,F,N,N,E,S,F,N,W,T,G,V,T,Q,N,G,T,S,S,A,C,K,R,R,S,N,K,S,F,F,S,R,L,N,W,L,T,H,L,K,Y,K,Y,P,A,L,N,V,T,M,P,N,N,E,K,F,D,K,L,Y,I,W,G,V,H,H,P,G,T,D,S,D,Q,I,S,L,Y,A,Q,A,S,G,R,I,T,V,S,T,K,R,S,Q,Q,T,V,I,P,N,I,G,S,R,P,R,V,R,D,V,S,S,R,I,S,I,Y,W,T,I,V,K,P,G,D,I,L,L,I,N,S,T,G,N,L,I,A,P,R,G,Y,F,K,I,R,S,G,K,S,S,I,M,R,S,D,A,P,I,G,K,C,N,S,E,C,I,T,P,N,G,S,I,P,N,D,K,P,F,Q,N,V,N,R,I,T,Y,G,A,C,P,R,Y,V,K,Q,N,T,L,K,L,A,T,G,M,R,N,V,P,E,K,Q,T
NL/1/02,Q,K,L,P,G,N,D,N,S,T,A,T,L,C,L,G,H,H,A,V,P,N,G,T,L,V,K,T,I,T,N,D,Q,I,E,V,T,N,A,T,E,L,V,Q,S,S,S,T,G,R,I,C,D,S,P,H,Q,I,L,D,G,E,N,C,T,L,I,D,A,L,L,G,D,P,H,C,D,G,F,Q,N,K,E,W,D,L,F,V,E,R,S,K,A,Y,S,N,C,Y,P,Y,D,V,P,D,Y,V,S,L,R,S,L,V,A,S,S,G,T,L,E,F,N,N,E,S,F,N,W,T,G,V,A,Q,N,G,T,S,S,A,C,K,R,R,S,N,K,S,F,F,S,R,L,N,W,L,H,Q,L,K,Y,K,Y,P,A,L,N,V,T,M,P,N,N,E,K,F,D,K,L,Y,I,W,G,V,H,H,P,G,T,D,S,D,Q,I,S,L,Y,A,Q,A,S,G,R,V,T,V,S,T,K,R,S,Q,Q,T,V,I,P,N,I,G,S,R,P,W,V,R,G,V,S,S,R,I,S,I,Y,W,T,I,V,K,P,G,D,I,L,L,I,N,S,T,G,N,L,I,A,P,R,G,Y,F,K,I,Q,S,G,K,S,S,I,M,R,S,D,A,P,I,G,K,C,N,S,E,C,I,T,P,N,G,S,I,P,N,D,K,P,F,Q,N,V,N,R,I,T,Y,G,A,C,P,R,Y,V,K,Q,N,T,L,K,L,A,T,G,M,R,N,V,P,E,K,Q,T
NL/22/03,Q,K,L,P,G,N,D,N,S,T,A,T,L,C,L,G,H,H,A,V,P,N,G,T,I,V,K,T,I,T,N,D,Q,I,E,V,T,N,A,T,E,L,V,Q,S,S,S,T,G,G,I,C,D,S,P,H,Q,I,L,D,G,E,N,C,T,L,I,D,A,L,L,G,D,P,Q,C,D,G,F,Q,N,K,K,W,D,L,F,V,E,R,S,K,A,Y,S,N,C,Y,P,Y,D,V,P,D,Y,A,S,L,R,S,L,I,A,S,S,G,T,L,E,F,T,N,E,S,F,N,W,T,G,V,T,Q,N,G,T,S,S,A,C,K,R,R,S,N,K,S,F,F,S,R,L,N,W,L,T,H,L,K,Y,K,Y,P,A,L,N,V,T,M,P,N,N,E,K,F,D,K,L,Y,I,W,G,V,H,H,P,G,T,D,S,D,Q,I,S,L,Y,A,Q,A,S,G,R,I,T,V,S,T,K,R,S,Q,Q,T,V,I,P,N,I,G,S,R,P,R,V,R,D,V,S,S,R,I,S,I,Y,W,T,I,V,K,P,G,D,I,L,L,I,N,S,T,G,N,L,I,A,P,R,G,Y,F,K,I,R,S,G,K,S,S,I,M,R,S,D,A,P,I,G,K,C,N,S,E,C,I,T,P,N,G,S,I,P,N,D,K,P,F,Q,N,V,N,R,I,T,Y,G,A,C,P,R,Y,V,K,Q,K,T,L,K,L,A,T,G,M,R,N,V,P,E,K,Q,T
NL/88/03,Q,K,L,P,G,N,D,N,S,T,A,T,L,C,L,G,H,H,A,V,P,N,G,T,L,V,K,T,I,T,N,D,Q,I,E,V,T,N,A,T,E,L,V,Q,S,S,S,T,G,R,I,C,D,S,P,H,Q,I,L,D,G,E,N,C,T,L,I,D,A,L,L,G,D,P,H,C,D,G,F,Q,N,K,E,W,D,L,F,V,E,R,S,K,A,Y,S,N,C,Y,P,Y,D,V,P,D,Y,V,S,L,R,S,L,V,A,S,S,G,T,L,E,F,N,N,E,S,F,N,W,T,G,V,A,Q,N,G,T,S,S,A,C,K,R,R,S,N,K,S,F,F,S,R,L,N,W,L,H,Q,L,K,N,K,Y,P,A,L,N,V,T,M,P,N,N,E,K,F,D,K,L,Y,I,W,G,V,H,H,P,G,T,D,S,D,Q,I,S,L,Y,A,Q,A,S,G,R,V,T,V,S,T,K,R,S,Q,Q,T,V,I,P,N,I,G,S,R,P,R,V,R,D,I,S,S,R,I,S,I,Y,W,T,I,V,K,P,G,D,I,L,L,I,N,S,T,G,N,L,I,A,P,R,G,Y,F,K,I,R,S,G,K,S,S,I,M,R,S,D,A,P,I,G,K,C,N,S,E,C,I,T,P,N,G,S,I,P,N,D,K,P,F,Q,N,V,N,R,I,T,Y,G,A,C,P,R,Y,V,K,Q,N,T,L,K,L,A,T,G,M,R,N,V,P,E,K,Q,T